year,count_point_id,direction_of_travel,region_id,region_name,local_authority_id,local_authority_name,road_name,road_type,start_junction_road_name,end_junction_road_name,easting,northing,latitude,longitude,link_length_km,link_length_miles,pedal_cycles,two_wheeled_motor_vehicles,cars_and_taxis,buses_and_coaches,lgvs,hgvs_2_rigid_axle,hgvs_3_rigid_axle,hgvs_4_or_more_rigid_axle,hgvs_3_or_4_articulated_axle,hgvs_5_articulated_axle,hgvs_6_articulated_axle,all_hgvs,all_motor_vehicles,measurement_count,avg_vehicles_per_hour
2020,7817,E,8,Yorkshire and The Humber,159,Sheffield,A6102,Major,A6109,A6135,438000,390040,53.40583498,-1.42987381,1.7,1.06,43,28,3223,6,1138,71,49,178,2,13,23,336,4731,12,394.2
2020,7817,W,8,Yorkshire and The Humber,159,Sheffield,A6102,Major,A6109,A6135,438000,390040,53.40583498,-1.42987381,1.7,1.06,38,32,3436,6,940,74,45,211,5,21,19,375,4789,12,399.1
2020,7818,N,8,Yorkshire and The Humber,159,Sheffield,A6102,Major,A61,A6135,436000,381680,53.33083332,-1.46090438,6.1,3.79,20,34,8716,12,2173,181,49,63,17,45,51,406,11341,12,945.1
2020,7818,S,8,Yorkshire and The Humber,159,Sheffield,A6102,Major,A61,A6135,436000,381680,53.33083332,-1.46090438,6.1,3.79,17,38,8724,1,2181,185,43,65,8,54,49,404,11348,12,945.7
2020,16007,N,8,Yorkshire and The Humber,159,Sheffield,M1,Major,34,35,438000,393350,53.43558545,-1.42947621,4.8,2.98,0,62,23617,29,9172,1008,351,357,159,1162,1344,4381,37261,12,3105.1
2020,16007,S,8,Yorkshire and The Humber,159,Sheffield,M1,Major,34,35,438000,393350,53.43558545,-1.42947621,4.8,2.98,0,73,23932,33,8919,966,348,387,173,1199,1467,4540,37497,12,3124.8
2020,17718,E,8,Yorkshire and The Humber,159,Sheffield,A6109,Major,A6109 Attercliffe Road,A6102,438000,389800,53.40367781,-1.42990261,2.6,1.62,73,49,4989,61,1380,205,39,50,2,12,97,405,6884,12,573.7
2020,17718,W,8,Yorkshire and The Humber,159,Sheffield,A6109,Major,A6109 Attercliffe Road,A6102,438000,389800,53.40367781,-1.42990261,2.6,1.62,71,35,4283,57,1288,179,46,62,1,8,126,422,6085,12,507.1
2020,18546,N,8,Yorkshire and The Humber,159,Sheffield,A61,Major,A6102,A6102,433439,390512,53.41038454,-1.4984276,0.2,0.12,140,102,10572,152,2261,186,44,63,10,26,61,390,13477,12,1123.1
2020,18546,S,8,Yorkshire and The Humber,159,Sheffield,A61,Major,A6102,A6102,433439,390512,53.41038454,-1.4984276,0.2,0.12,202,102,11183,142,2223,200,46,56,8,33,67,410,14060,12,1171.7
2020,36588,E,8,Yorkshire and The Humber,159,Sheffield,A630,Major,A57,B6200 Handsworth Rd,440000,386740,53.37602686,-1.40020839,0.8,0.5,0,53,10797,54,3103,263,84,150,19,47,233,796,14803,12,1233.6
2020,36588,W,8,Yorkshire and The Humber,159,Sheffield,A630,Major,A57,B6200 Handsworth Rd,440000,386740,53.37602686,-1.40020839,0.8,0.5,0,43,9822,49,2707,266,89,133,15,30,196,729,13350,12,1112.5
2020,38549,N,8,Yorkshire and The Humber,159,Sheffield,A6178,Major,A6102,A6102,438625,389670,53.40246399,-1.42051835,0.2,0.12,198,67,9106,70,2254,280,80,79,11,50,187,687,12184,12,1015.3
2020,38549,S,8,Yorkshire and The Humber,159,Sheffield,A6178,Major,A6102,A6102,438625,389670,53.40246399,-1.42051835,0.2,0.12,162,66,8904,72,2206,320,76,195,10,57,184,842,12090,12,1007.5
2020,47396,N,8,Yorkshire and The Humber,159,Sheffield,A625,Major,B6375,A61,432840,384940,53.36033964,-1.50801417,5.8,3.6,203,42,10490,219,1121,73,10,8,2,23,3,119,11991,12,999.2
2020,47396,S,8,Yorkshire and The Humber,159,Sheffield,A625,Major,B6375,A61,432840,384940,53.36033964,-1.50801417,5.8,3.6,180,42,10679,217,1238,93,12,12,4,23,5,149,12325,12,1027.1
2020,48805,N,8,Yorkshire and The Humber,159,Sheffield,A61,Major,St Marys Rd,Matilda St,435530,386559,53.37471842,-1.4674153,0.2,0.12,58,17,2297,1,574,38,17,9,3,6,13,86,2975,12,247.9
2020,75194,N,8,Yorkshire and The Humber,159,Sheffield,A61,Major,Matilda St,Leadmill Rd,435620,386750,53.37642913,-1.46604115,0.3,0.19,63,30,3945,42,1031,137,38,17,4,33,17,246,5294,12,441.2
2020,81236,E,8,Yorkshire and The Humber,159,Sheffield,A61,Major,C761 Nursery Street,A6109,435650,388160,53.38910039,-1.46543177,0.3,0.19,131,109,16635,21,3435,414,36,130,16,8,126,730,20930,12,1744.2
2020,81236,W,8,Yorkshire and The Humber,159,Sheffield,A61,Major,C761 Nursery Street,A6109,435650,388160,53.38910039,-1.46543177,0.3,0.19,64,115,15023,21,2870,560,101,137,14,12,103,927,18956,12,1579.7
2021,16007,N,8,Yorkshire and The Humber,159,Sheffield,M1,Major,34,35,438000,393350,53.43558545,-1.42947621,4.8,2.98,1,63,26940,41,9402,1226,136,439,136,1009,1758,4704,41150,12,3429.2
2021,16007,S,8,Yorkshire and The Humber,159,Sheffield,M1,Major,34,35,438000,393350,53.43558545,-1.42947621,4.8,2.98,2,50,25909,59,8726,2093,665,486,208,1539,2039,7030,41774,12,3481.2
2021,16580,N,8,Yorkshire and The Humber,159,Sheffield,A61,Major,A6101,A6102,433579,389993,53.40571084,-1.49637659,0.6,0.37,179,151,17939,118,2982,210,51,65,9,35,57,427,21617,12,1801.4
2021,16580,S,8,Yorkshire and The Humber,159,Sheffield,A61,Major,A6101,A6102,433579,389993,53.40571084,-1.49637659,0.6,0.37,200,106,17870,125,3098,224,46,62,8,59,52,451,21650,12,1804.2
2021,18721,N,8,Yorkshire and The Humber,159,Sheffield,A6102,Major,B6200,A631,439347,388255,53.38969238,-1.40983528,1.2,0.75,44,48,10751,20,2151,225,71,64,1,13,68,442,13412,12,1117.7
2021,18721,S,8,Yorkshire and The Humber,159,Sheffield,A6102,Major,B6200,A631,439347,388255,53.38969238,-1.40983528,1.2,0.75,39,50,9597,19,2011,198,61,50,6,12,59,386,12063,12,1005.2
2021,27821,E,8,Yorkshire and The Humber,159,Sheffield,A6101,Major,C757 Lansett Road,A61,433350,389740,53.4034513,-1.49984778,0.5,0.31,59,33,6742,4,1303,34,27,23,6,1,21,112,8194,12,682.8
2021,27821,W,8,Yorkshire and The Humber,159,Sheffield,A6101,Major,C757 Lansett Road,A61,433350,389740,53.4034513,-1.49984778,0.5,0.31,56,38,7810,7,1596,58,18,20,7,8,12,123,9574,12,797.8
2021,27822,N,8,Yorkshire and The Humber,159,Sheffield,A6102,Major,A6135,A57,438745,386000,53.36946919,-1.41916168,2.1,1.3,28,100,10212,30,2315,182,59,58,9,38,67,413,13070,12,1089.2
2021,27822,S,8,Yorkshire and The Humber,159,Sheffield,A6102,Major,A6135,A57,438745,386000,53.36946919,-1.41916168,2.1,1.3,31,114,10271,22,2474,185,50,66,10,43,76,430,13311,12,1109.2
2021,36588,E,8,Yorkshire and The Humber,159,Sheffield,A630,Major,A57,B6200 Handsworth Rd,440000,386740,53.37602686,-1.40020839,0.8,0.5,0,47,20709,104,4850,437,105,187,38,335,107,1209,26919,12,2243.2
2021,36588,W,8,Yorkshire and The Humber,159,Sheffield,A630,Major,A57,B6200 Handsworth Rd,440000,386740,53.37602686,-1.40020839,0.8,0.5,0,48,20852,118,5202,397,114,179,47,129,246,1112,27332,12,2277.7
2021,37902,E,8,Yorkshire and The Humber,159,Sheffield,A6102,Major,A6178,A6109,438300,389825,53.40388086,-1.42538753,0.6,0.37,81,28,6812,23,1426,222,50,58,6,37,138,511,8800,12,733.3
2021,37902,W,8,Yorkshire and The Humber,159,Sheffield,A6102,Major,A6178,A6109,438300,389825,53.40388086,-1.42538753,0.6,0.37,52,25,6992,27,1464,264,59,113,17,55,136,644,9152,12,762.7
2021,47822,E,8,Yorkshire and The Humber,159,Sheffield,A6101,Major,A57,Hollins Lane,432226,388488,53.39226758,-1.5168803,4.0,2.49,35,18,3354,3,542,26,4,2,3,13,3,51,3968,12,330.7
2021,47822,W,8,Yorkshire and The Humber,159,Sheffield,A6101,Major,A57,Hollins Lane,432226,388488,53.39226758,-1.5168803,4.0,2.49,55,38,3504,2,598,25,5,5,2,17,2,56,4198,12,349.8
2021,47855,E,8,Yorkshire and The Humber,159,Sheffield,A57,Major,A61,A6102,438000,387200,53.3803085,-1.43021412,3.1,1.93,0,100,20216,149,3631,325,116,77,5,90,124,737,24833,12,2069.4
2021,47855,W,8,Yorkshire and The Humber,159,Sheffield,A57,Major,A61,A6102,438000,387200,53.3803085,-1.43021412,3.1,1.93,0,113,20186,160,3307,258,100,118,6,84,94,660,24426,12,2035.5
2021,48531,N,8,Yorkshire and The Humber,159,Sheffield,A61,Major,LA Boundary,A6102,435210,381000,53.3247742,-1.47284132,1.1,0.68,40,49,11346,128,2069,132,33,27,5,17,56,270,13862,12,1155.2
2021,48531,S,8,Yorkshire and The Humber,159,Sheffield,A61,Major,LA Boundary,A6102,435210,381000,53.3247742,-1.47284132,1.1,0.68,29,54,11732,147,1895,132,43,31,10,14,72,302,14130,12,1177.5
2021,57330,E,8,Yorkshire and The Humber,159,Sheffield,A6178,Major,M1,LA Boundary,440000,391200,53.41611364,-1.39964547,1.1,0.68,31,20,2993,7,911,128,39,102,0,241,108,618,4549,12,379.1
2021,57330,W,8,Yorkshire and The Humber,159,Sheffield,A6178,Major,M1,LA Boundary,440000,391200,53.41611364,-1.39964547,1.1,0.68,34,21,3061,5,833,109,37,113,0,236,90,585,4505,12,375.4
2021,57861,E,8,Yorkshire and The Humber,159,Sheffield,A61,Major,A621,A625,435000,386360,53.37296498,-1.47540328,0.5,0.31,113,130,16403,21,2748,148,33,22,9,12,31,255,19557,12,1629.8
2021,57861,W,8,Yorkshire and The Humber,159,Sheffield,A61,Major,A621,A625,435000,386360,53.37296498,-1.47540328,0.5,0.31,114,130,16710,24,2608,141,31,21,8,15,41,257,19729,12,1644.1
2021,58427,N,8,Yorkshire and The Humber,159,Sheffield,A6102,Major,A57,B6200,439193,386985,53.37828925,-1.41230743,1.3,0.81,23,57,10522,42,1920,209,50,38,4,10,42,353,12894,12,1074.5
2021,58427,S,8,Yorkshire and The Humber,159,Sheffield,A6102,Major,A57,B6200,439193,386985,53.37828925,-1.41230743,1.3,0.81,5,61,10027,27,1936,198,44,34,4,11,29,320,12371,12,1030.9
2021,76044,N,8,Yorkshire and The Humber,159,Sheffield,A6135,Major,A61,A6109,435920,388040,53.38800361,-1.46138576,0.3,0.19,134,3,710,668,70,2,0,0,0,0,0,2,1453,12,121.1
2021,76044,S,8,Yorkshire and The Humber,159,Sheffield,A6135,Major,A61,A6109,435920,388040,53.38800361,-1.46138576,0.3,0.19,175,23,4114,679,661,55,18,4,5,3,9,94,5571,12,464.2
2021,76046,E,8,Yorkshire and The Humber,159,Sheffield,A61,Major,A6135,A57,436250,387860,53.38636329,-1.45644482,0.6,0.37,3,74,17001,24,3219,304,50,84,14,42,108,602,20920,12,1743.3
2021,76046,W,8,Yorkshire and The Humber,159,Sheffield,A61,Major,A6135,A57,436250,387860,53.38636329,-1.45644482,0.6,0.37,1,65,13847,14,2308,218,49,71,9,27,84,458,16692,12,1391.0
2021,77544,E,8,Yorkshire and The Humber,159,Sheffield,A57,Major,Hagg Lane,B6547,432000,387140,53.38016514,-1.5204139,2.2,1.37,75,34,3878,16,583,15,5,2,1,5,6,34,4545,12,378.8
2021,77544,W,8,Yorkshire and The Humber,159,Sheffield,A57,Major,Hagg Lane,B6547,432000,387140,53.38016514,-1.5204139,2.2,1.37,97,31,4467,16,572,28,8,2,0,6,11,55,5141,12,428.4
2021,77547,N,8,Yorkshire and The Humber,159,Sheffield,A6101,Major,Hollins Lane,C757 Lansett Road,433009,389506,53.40136942,-1.50500109,1.7,1.06,38,18,5887,88,1199,89,17,14,8,4,6,138,7330,12,610.8
2021,77547,S,8,Yorkshire and The Humber,159,Sheffield,A6101,Major,Hollins Lane,C757 Lansett Road,433009,389506,53.40136942,-1.50500109,1.7,1.06,38,20,6355,98,1366,97,15,17,5,2,10,146,7985,12,665.4
2021,77553,N,8,Yorkshire and The Humber,159,Sheffield,A61,Major,A6102,Norfolk Hill,433810,392250,53.42598234,-1.49266076,3.5,2.17,23,76,8669,42,1607,94,36,65,8,42,57,302,10696,12,891.3
2021,77553,S,8,Yorkshire and The Humber,159,Sheffield,A61,Major,A6102,Norfolk Hill,433810,392250,53.42598234,-1.49266076,3.5,2.17,35,92,9055,45,1591,88,37,54,2,36,64,281,11064,12,922.0
2021,81236,E,8,Yorkshire and The Humber,159,Sheffield,A61,Major,C761 Nursery Street,A6109,435650,388160,53.38910039,-1.46543177,0.3,0.19,126,87,17671,24,3872,151,64,175,1,31,105,527,22181,12,1848.4
2021,81236,W,8,Yorkshire and The Humber,159,Sheffield,A61,Major,C761 Nursery Street,A6109,435650,388160,53.38910039,-1.46543177,0.3,0.19,183,94,16603,24,3639,148,88,197,6,35,81,555,20915,12,1742.9
2021,99303,E,8,Yorkshire and The Humber,159,Sheffield,A57,Major,A6102,A630,439250,386580,53.37464497,-1.41150075,0.6,0.37,0,80,26424,153,5265,503,98,149,4,25,254,1033,32955,12,2746.2
2021,99303,W,8,Yorkshire and The Humber,159,Sheffield,A57,Major,A6102,A630,439250,386580,53.37464497,-1.41150075,0.6,0.37,0,86,22310,170,4993,535,39,232,29,22,365,1222,28781,12,2398.4
2021,99734,N,8,Yorkshire and The Humber,159,Sheffield,A6187,Major,A6187 split,A625 Stony Ridge Road,426800,379750,53.31402862,-1.59920462,0.8,0.5,52,71,1406,1,261,7,0,0,0,1,0,8,1747,12,145.6
2021,99734,S,8,Yorkshire and The Humber,159,Sheffield,A6187,Major,A6187 split,A625 Stony Ridge Road,426800,379750,53.31402862,-1.59920462,0.8,0.5,84,52,1277,1,255,10,1,0,0,0,1,12,1597,12,133.1
2022,7355,E,8,Yorkshire and The Humber,159,Sheffield,A6135,Major,LA Boundary,A6102,438500,384860,53.35924072,-1.42298234,6.9,4.29,39,24,8365,200,1581,99,7,12,8,25,4,155,10325,12,860.4
2022,7355,W,8,Yorkshire and The Humber,159,Sheffield,A6135,Major,LA Boundary,A6102,438500,384860,53.35924072,-1.42298234,6.9,4.29,38,26,6663,210,1128,56,11,5,6,17,2,97,8124,12,677.0
2022,7380,N,8,Yorkshire and The Humber,159,Sheffield,A6178,Major,B6200,A6102,438000,388900,53.39558835,-1.43001054,1.5,0.93,72,32,6651,50,1803,152,3,92,3,12,114,376,8912,12,742.7
2022,7380,S,8,Yorkshire and The Humber,159,Sheffield,A6178,Major,B6200,A6102,438000,388900,53.39558835,-1.43001054,1.5,0.93,92,42,7269,95,1614,152,39,115,0,2,121,429,9449,12,787.4
2022,7818,N,8,Yorkshire and The Humber,159,Sheffield,A6102,Major,A61,A6135,436000,381680,53.33083332,-1.46090438,6.1,3.79,15,76,11675,32,2392,200,65,43,14,40,49,411,14586,12,1215.5
2022,7818,S,8,Yorkshire and The Humber,159,Sheffield,A6102,Major,A61,A6135,436000,381680,53.33083332,-1.46090438,6.1,3.79,23,69,12434,27,2522,182,44,29,8,49,39,351,15403,12,1283.6
2022,16007,N,8,Yorkshire and The Humber,159,Sheffield,M1,Major,34,35,438000,393350,53.43558545,-1.42947621,4.8,2.98,1,93,28274,84,10568,1306,197,384,182,617,2279,4965,43984,12,3665.3
2022,16007,S,8,Yorkshire and The Humber,159,Sheffield,M1,Major,34,35,438000,393350,53.43558545,-1.42947621,4.8,2.98,3,79,30282,121,11159,1258,286,388,213,589,2687,5421,47062,12,3921.8
2022,17809,N,8,Yorkshire and The Humber,159,Sheffield,A61,Major,A57 Brook Hill,A61 Shalesmoor,434800,388000,53.38771874,-1.47822964,0.9,0.56,43,98,12580,42,2043,180,28,35,10,17,14,284,15047,12,1253.9
2022,17809,S,8,Yorkshire and The Humber,159,Sheffield,A61,Major,A57 Brook Hill,A61 Shalesmoor,434800,388000,53.38771874,-1.47822964,0.9,0.56,29,106,12253,33,2130,160,28,31,9,13,10,251,14773,12,1231.1
2022,36588,E,8,Yorkshire and The Humber,159,Sheffield,A630,Major,A57,B6200 Handsworth Rd,440000,386740,53.37602686,-1.40020839,0.8,0.5,0,83,20862,136,3953,334,117,122,55,184,142,954,25988,12,2165.7
2022,36588,W,8,Yorkshire and The Humber,159,Sheffield,A630,Major,A57,B6200 Handsworth Rd,440000,386740,53.37602686,-1.40020839,0.8,0.5,0,93,22576,130,4720,364,75,140,42,89,244,954,28473,12,2372.8
2022,46619,N,8,Yorkshire and The Humber,159,Sheffield,A61,Major,Shalesmoor roundabout,A6101/Livesey St intersection,434000,389430,53.40062369,-1.49010449,2.2,1.37,338,109,14267,106,2897,298,47,52,13,29,53,492,17871,12,1489.2
2022,46619,S,8,Yorkshire and The Humber,159,Sheffield,A61,Major,Shalesmoor roundabout,A6101/Livesey St intersection,434000,389430,53.40062369,-1.49010449,2.2,1.37,264,113,13348,105,2627,290,43,55,9,43,43,483,16676,12,1389.7
2022,47855,E,8,Yorkshire and The Humber,159,Sheffield,A57,Major,A61,A6102,438000,387200,53.3803085,-1.43021412,3.1,1.93,0,70,20016,139,3672,292,74,94,22,52,104,638,24535,12,2044.6
2022,47855,W,8,Yorkshire and The Humber,159,Sheffield,A57,Major,A61,A6102,438000,387200,53.3803085,-1.43021412,3.1,1.93,0,71,23893,146,4512,319,113,127,21,31,153,764,29386,12,2448.8
2022,48804,N,8,Yorkshire and The Humber,159,Sheffield,A6102,Major,A631,A6178,439070,389150,53.39775733,-1.41388978,1.0,0.62,27,49,8648,16,1554,133,57,54,2,25,62,333,10600,12,883.3
2022,48804,S,8,Yorkshire and The Humber,159,Sheffield,A6102,Major,A631,A6178,439070,389150,53.39775733,-1.41388978,1.0,0.62,32,48,8014,14,1634,197,47,83,15,49,52,443,10153,12,846.1
2022,76045,E,8,Yorkshire and The Humber,159,Sheffield,A57,Major,B6070 Park Square,A61,436200,387660,53.38456908,-1.45721936,0.5,0.31,12,61,12250,142,1689,154,39,28,6,6,67,300,14442,12,1203.5
2022,76045,W,8,Yorkshire and The Humber,159,Sheffield,A57,Major,B6070 Park Square,A61,436200,387660,53.38456908,-1.45721936,0.5,0.31,10,58,15420,161,2317,192,59,30,2,7,80,370,18326,12,1527.2
2022,81162,N,8,Yorkshire and The Humber,159,Sheffield,A61,Major,B6539,C761 Nursery Street,435420,388010,53.38776758,-1.46890673,0.3,0.19,91,83,16948,11,3010,141,61,77,25,14,98,416,20468,12,1705.7
2022,81162,S,8,Yorkshire and The Humber,159,Sheffield,A61,Major,B6539,C761 Nursery Street,435420,388010,53.38776758,-1.46890673,0.3,0.19,77,82,15523,8,2822,127,62,78,17,13,88,385,18820,12,1568.3
2022,81236,E,8,Yorkshire and The Humber,159,Sheffield,A61,Major,C761 Nursery Street,A6109,435650,388160,53.38910039,-1.46543177,0.3,0.19,77,59,18181,19,3583,167,89,151,9,16,115,547,22389,12,1865.8
2022,81236,W,8,Yorkshire and The Humber,159,Sheffield,A61,Major,C761 Nursery Street,A6109,435650,388160,53.38910039,-1.46543177,0.3,0.19,51,55,16153,5,3282,141,69,123,20,12,81,446,19941,12,1661.8
2022,81238,E,8,Yorkshire and The Humber,159,Sheffield,A6109,Major,A61,A6135,435858,388155,53.38904143,-1.46230493,0.2,0.12,95,57,9430,22,1663,203,40,44,2,6,31,326,11498,12,958.2
2022,81238,W,8,Yorkshire and The Humber,159,Sheffield,A6109,Major,A61,A6135,435858,388155,53.38904143,-1.46230493,0.2,0.12,83,37,5941,5,1199,138,27,32,1,3,14,215,7397,12,616.4
2022,99303,E,8,Yorkshire and The Humber,159,Sheffield,A57,Major,A6102,A630,439250,386580,53.37464497,-1.41150075,0.6,0.37,0,52,20337,127,3587,300,97,85,30,84,137,733,24836,12,2069.7
2022,99303,W,8,Yorkshire and The Humber,159,Sheffield,A57,Major,A6102,A630,439250,386580,53.37464497,-1.41150075,0.6,0.37,0,62,22360,158,4246,335,101,108,28,90,147,809,27635,12,2302.9
2023,16580,N,8,Yorkshire and The Humber,159,Sheffield,A61,Major,A6101,A6102,433579,389993,53.40571084,-1.49637659,0.6,0.37,252,106,17306,103,2879,185,61,91,12,25,59,433,20827,12,1735.6
2023,16580,S,8,Yorkshire and The Humber,159,Sheffield,A61,Major,A6101,A6102,433579,389993,53.40571084,-1.49637659,0.6,0.37,227,160,17417,101,3192,190,46,82,6,22,77,423,21293,12,1774.4
2023,36588,E,8,Yorkshire and The Humber,159,Sheffield,A630,Major,A57,B6200 Handsworth Rd,440000,386740,53.37602686,-1.40020839,0.8,0.5,0,120,25673,150,5702,416,118,143,51,170,198,1096,32741,12,2728.4
2023,36588,W,8,Yorkshire and The Humber,159,Sheffield,A630,Major,A57,B6200 Handsworth Rd,440000,386740,53.37602686,-1.40020839,0.8,0.5,0,123,24482,164,4522,787,106,129,24,37,363,1446,30737,12,2561.4
2023,37441,E,8,Yorkshire and The Humber,159,Sheffield,A6178,Major,A6102,M1,439000,390060,53.40594185,-1.41483042,1.7,1.06,24,39,9776,26,1797,192,50,56,10,49,187,544,12182,12,1015.2
2023,37441,W,8,Yorkshire and The Humber,159,Sheffield,A6178,Major,A6102,M1,439000,390060,53.40594185,-1.41483042,1.7,1.06,19,52,11561,28,2014,208,58,94,4,29,217,610,14265,12,1188.8
2023,47826,N,8,Yorkshire and The Humber,159,Sheffield,A6109,Major,A6102,M1,439000,391050,53.41484022,-1.41470848,2.4,1.49,15,19,6079,178,1375,135,29,47,11,18,59,299,7950,12,662.5
2023,47826,S,8,Yorkshire and The Humber,159,Sheffield,A6109,Major,A6102,M1,439000,391050,53.41484022,-1.41470848,2.4,1.49,15,20,6473,174,1369,172,42,55,19,16,60,364,8400,12,700.0
2023,47855,E,8,Yorkshire and The Humber,159,Sheffield,A57,Major,A61,A6102,438000,387200,53.3803085,-1.43021412,3.1,1.93,0,101,22903,141,3450,455,85,110,17,44,158,869,27464,12,2288.7
2023,47855,W,8,Yorkshire and The Humber,159,Sheffield,A57,Major,A61,A6102,438000,387200,53.3803085,-1.43021412,3.1,1.93,0,104,24480,154,3931,426,121,123,13,36,197,916,29585,12,2465.4
2023,48531,N,8,Yorkshire and The Humber,159,Sheffield,A61,Major,LA Boundary,A6102,435210,381000,53.3247742,-1.47284132,1.1,0.68,56,75,11140,96,2017,153,42,39,11,36,45,326,13654,12,1137.8
2023,48531,S,8,Yorkshire and The Humber,159,Sheffield,A61,Major,LA Boundary,A6102,435210,381000,53.3247742,-1.47284132,1.1,0.68,66,74,10947,115,1777,147,40,24,11,40,43,305,13218,12,1101.5
2023,56624,N,8,Yorkshire and The Humber,159,Sheffield,A61,Major,Norfolk Hill,B6546,433770,395000,53.45070253,-1.49296818,2.5,1.55,15,54,8028,28,1405,118,16,36,0,36,47,253,9768,12,814.0
2023,56624,S,8,Yorkshire and The Humber,159,Sheffield,A61,Major,Norfolk Hill,B6546,433770,395000,53.45070253,-1.49296818,2.5,1.55,18,54,8042,34,1338,106,16,33,1,82,20,258,9726,12,810.5
2023,57320,E,8,Yorkshire and The Humber,159,Sheffield,A625,Major,old A625/new A625,B6068,430060,381960,53.33371891,-1.55006635,4.5,2.8,61,44,2185,20,362,14,4,13,3,2,23,59,2670,12,222.5
2023,57320,W,8,Yorkshire and The Humber,159,Sheffield,A625,Major,old A625/new A625,B6068,430060,381960,53.33371891,-1.55006635,4.5,2.8,49,35,2385,21,389,22,6,5,2,14,18,67,2897,12,241.4
2023,57418,N,8,Yorkshire and The Humber,159,Sheffield,A6102,Major,Winn Gardens,A616(T),430000,394260,53.44427803,-1.54980545,8.8,5.47,42,26,3444,34,586,48,2,4,0,1,4,59,4149,12,345.8
2023,57418,S,8,Yorkshire and The Humber,159,Sheffield,A6102,Major,Winn Gardens,A616(T),430000,394260,53.44427803,-1.54980545,8.8,5.47,49,30,3631,32,523,79,0,12,0,0,16,107,4323,12,360.2
2023,57861,E,8,Yorkshire and The Humber,159,Sheffield,A61,Major,A621,A625,435000,386360,53.37296498,-1.47540328,0.5,0.31,138,89,17021,16,2563,181,26,25,12,9,37,290,19979,12,1664.9
2023,57861,W,8,Yorkshire and The Humber,159,Sheffield,A61,Major,A621,A625,435000,386360,53.37296498,-1.47540328,0.5,0.31,91,87,17390,35,2569,173,36,43,5,9,45,311,20392,12,1699.3
2023,60030,N,8,Yorkshire and The Humber,159,Sheffield,A61,Major,A61 merge,B6070 Park Square,435800,387000,53.37866406,-1.46330739,0.9,0.56,205,62,13413,78,1832,158,51,41,13,30,40,333,15718,12,1309.8
2023,60030,S,8,Yorkshire and The Humber,159,Sheffield,A61,Major,A61 merge,B6070 Park Square,435800,387000,53.37866406,-1.46330739,0.9,0.56,216,62,13556,272,1917,144,41,33,13,25,43,299,16106,12,1342.2
2023,73014,E,8,Yorkshire and The Humber,159,Sheffield,A616,Major,LA boundary,A6102,427210,398910,53.48622344,-1.59140779,4.3,2.67,0,19,4532,9,1238,126,85,33,32,222,223,721,6519,12,543.2
2023,73014,W,8,Yorkshire and The Humber,159,Sheffield,A616,Major,LA boundary,A6102,427210,398910,53.48622344,-1.59140779,4.3,2.67,0,33,4404,10,1288,102,170,41,41,188,102,644,6379,12,531.6
2023,76046,E,8,Yorkshire and The Humber,159,Sheffield,A61,Major,A6135,A57,436250,387860,53.38636329,-1.45644482,0.6,0.37,4,106,17821,27,3315,315,36,80,17,119,60,627,21896,12,1824.7
2023,76046,W,8,Yorkshire and The Humber,159,Sheffield,A61,Major,A6135,A57,436250,387860,53.38636329,-1.45644482,0.6,0.37,1,70,13445,6,2198,223,20,65,12,65,47,432,16151,12,1345.9
2023,99302,E,8,Yorkshire and The Humber,159,Sheffield,A57,Major,A630,LA Boundary,440853,384409,53.35501111,-1.38768792,6.6,4.1,0,22,8596,37,1466,149,42,19,7,17,28,262,10383,12,865.2
2023,99302,W,8,Yorkshire and The Humber,159,Sheffield,A57,Major,A630,LA Boundary,440853,384409,53.35501111,-1.38768792,6.6,4.1,0,25,9366,31,1629,141,44,20,8,24,12,249,11300,12,941.7
2023,99303,E,8,Yorkshire and The Humber,159,Sheffield,A57,Major,A6102,A630,439250,386580,53.37464497,-1.41150075,0.6,0.37,0,136,22027,135,4097,283,135,128,18,59,227,850,27245,12,2270.4
2023,99303,W,8,Yorkshire and The Humber,159,Sheffield,A57,Major,A6102,A630,439250,386580,53.37464497,-1.41150075,0.6,0.37,0,172,22471,128,4079,311,109,128,27,42,258,875,27725,12,2310.4
2024,7817,E,8,Yorkshire and The Humber,159,Sheffield,A6102,Major,A6109,A6135,438000,390040,53.40583498,-1.42987381,1.7,1.06,50,27,6751,15,1541,136,31,97,14,24,27,329,8663,12,721.9
2024,7817,W,8,Yorkshire and The Humber,159,Sheffield,A6102,Major,A6109,A6135,438000,390040,53.40583498,-1.42987381,1.7,1.06,40,36,6598,19,1340,134,36,132,6,21,39,368,8361,12,696.8
2024,8144,E,8,Yorkshire and The Humber,159,Sheffield,A57,Major,B6547,A61,433730,387226,53.380831,-1.49439908,1.4,0.87,71,18,5651,148,763,56,25,14,1,2,9,107,6687,12,557.2
2024,8144,W,8,Yorkshire and The Humber,159,Sheffield,A57,Major,B6547,A61,433730,387226,53.380831,-1.49439908,1.4,0.87,61,23,4898,138,677,49,31,12,0,3,5,100,5836,12,486.3
2024,17728,N,8,Yorkshire and The Humber,159,Sheffield,A6135,Major,A6109,A6102,436000,388673,53.39368765,-1.46011102,2.9,1.8,78,16,3947,287,688,52,7,4,1,0,3,67,5005,12,417.1
2024,17728,S,8,Yorkshire and The Humber,159,Sheffield,A6135,Major,A6109,A6102,436000,388673,53.39368765,-1.46011102,2.9,1.8,119,30,5057,291,831,46,9,6,1,0,7,69,6278,12,523.2
2024,26576,E,8,Yorkshire and The Humber,159,Sheffield,A57,Major,LA Boundary,A6101,425000,387800,53.38647307,-1.62558884,6.3,3.91,27,66,2025,14,369,10,3,16,3,1,11,44,2518,12,209.8
2024,26576,W,8,Yorkshire and The Humber,159,Sheffield,A57,Major,LA Boundary,A6101,425000,387800,53.38647307,-1.62558884,6.3,3.91,21,83,2327,13,396,13,5,15,5,6,5,49,2868,12,239.0
2024,27393,E,8,Yorkshire and The Humber,159,Sheffield,A6178,Major,A6109 Fred Mullen Road,B6200,437000,388315,53.39040113,-1.44511618,1.5,0.93,60,9,3139,145,690,86,33,28,5,1,19,172,4155,12,346.2
2024,27393,W,8,Yorkshire and The Humber,159,Sheffield,A6178,Major,A6109 Fred Mullen Road,B6200,437000,388315,53.39040113,-1.44511618,1.5,0.93,81,14,3510,145,762,99,31,23,2,2,29,186,4617,12,384.8
2024,36588,E,8,Yorkshire and The Humber,159,Sheffield,A630,Major,A57,B6200 Handsworth Rd,440000,386740,53.37602686,-1.40020839,0.8,0.5,0,133,21694,123,4890,392,105,209,33,115,191,1045,27885,12,2323.8
2024,36588,W,8,Yorkshire and The Humber,159,Sheffield,A630,Major,A57,B6200 Handsworth Rd,440000,386740,53.37602686,-1.40020839,0.8,0.5,0,107,21045,133,4310,324,102,114,36,77,271,924,26519,12,2209.9
2024,46619,N,8,Yorkshire and The Humber,159,Sheffield,A61,Major,Shalesmoor roundabout,A6101/Livesey St intersection,434000,389430,53.40062369,-1.49010449,2.2,1.37,237,82,16616,118,2483,243,33,48,3,70,27,424,19723,12,1643.6
2024,46619,S,8,Yorkshire and The Humber,159,Sheffield,A61,Major,Shalesmoor roundabout,A6101/Livesey St intersection,434000,389430,53.40062369,-1.49010449,2.2,1.37,178,70,15788,106,2450,218,22,74,4,66,19,403,18817,12,1568.1
2024,47396,N,8,Yorkshire and The Humber,159,Sheffield,A625,Major,B6375,A61,432840,384940,53.36033964,-1.50801417,5.8,3.6,190,54,10764,125,1116,52,15,13,2,8,4,94,12153,12,1012.8
2024,47396,S,8,Yorkshire and The Humber,159,Sheffield,A625,Major,B6375,A61,432840,384940,53.36033964,-1.50801417,5.8,3.6,167,44,10846,129,1209,59,16,16,4,6,6,107,12335,12,1027.9
2024,47855,E,8,Yorkshire and The Humber,159,Sheffield,A57,Major,A61,A6102,438000,387200,53.3803085,-1.43021412,3.1,1.93,0,41,22262,142,3280,297,64,87,23,79,126,676,26401,12,2200.1
2024,47855,W,8,Yorkshire and The Humber,159,Sheffield,A57,Major,A61,A6102,438000,387200,53.3803085,-1.43021412,3.1,1.93,0,44,22713,135,3536,309,77,110,20,87,126,729,27157,12,2263.1
2024,56862,N,8,Yorkshire and The Humber,159,Sheffield,A629,Major,Woodburn Drive,A6135,436000,395730,53.457117,-1.45930823,0.8,0.5,7,12,3449,17,784,24,12,5,2,12,17,72,4334,12,361.2
2024,56862,S,8,Yorkshire and The Humber,159,Sheffield,A629,Major,Woodburn Drive,A6135,436000,395730,53.457117,-1.45930823,0.8,0.5,5,20,3511,21,771,42,14,8,6,18,20,108,4431,12,369.2
2024,57875,N,8,Yorkshire and The Humber,159,Sheffield,A6135,Major,A6102,A629,436289,391965,53.42325672,-1.45538792,6.6,4.1,20,38,5370,126,677,34,5,2,0,2,3,46,6257,12,521.4
2024,57875,S,8,Yorkshire and The Humber,159,Sheffield,A6135,Major,A6102,A629,436289,391965,53.42325672,-1.45538792,6.6,4.1,21,25,5690,119,734,47,8,1,1,9,0,66,6634,12,552.8
2024,75195,S,8,Yorkshire and The Humber,159,Sheffield,A61,Major,Fornham St,Granville Square,435800,386620,53.37524855,-1.46335024,0.2,0.12,102,119,20475,298,2373,167,50,49,9,23,47,345,23610,12,1967.5
2024,75196,E,8,Yorkshire and The Humber,159,Sheffield,A61,Major,Matilda St,Granville Square,435750,386530,53.37444299,-1.4641119,0.2,0.12,50,0,0,0,0,0,0,0,0,0,0,0,0,12,0.0
2024,75196,W,8,Yorkshire and The Humber,159,Sheffield,A61,Major,Matilda St,Granville Square,435750,386530,53.37444299,-1.4641119,0.2,0.12,101,101,19135,265,2519,151,59,32,6,24,56,328,22348,12,1862.3
2024,75197,E,8,Yorkshire and The Humber,159,Sheffield,A61,Major,Shoreham St,Matilda St,435584,386478,53.37398676,-1.46661274,0.2,0.12,32,15,5106,2,442,22,3,1,0,2,3,31,5596,12,466.3
2024,75197,W,8,Yorkshire and The Humber,159,Sheffield,A61,Major,Shoreham St,Matilda St,435584,386478,53.37398676,-1.46661274,0.2,0.12,31,27,12079,154,1322,63,15,8,4,20,13,123,13705,12,1142.1
2024,75198,N,8,Yorkshire and The Humber,159,Sheffield,A61,Major,St Mary's Rd,Suffolk Rd,435750,386640,53.37543169,-1.46409952,0.2,0.12,26,18,7047,2,660,51,32,22,1,1,2,109,7836,12,653.0
