objectid,defrasiteid,x,y,lat,long,defrasitename,pcmlinkroadid,postcode,what3words,tube_group,status,no2_2003,no2_2004,no2_2005,no2_2006,no2_2007,no2_2008,no2_2009,no2_2010,no2_2011,no2_2012,no2_2013,no2_2014,no2_2015,no2_2016,no2_2017,no2_2018,no2_2019,no2_2020,no2_2021,no2_2022,no2_2023,no2_2024,no2_2025,no2_2026,no2_2027,no2_2028,no2_2029,no2_2030,no2_2031,no2_2032,no2_2033,no2_2034,no2_2035
1240,1,436063,397474,53.47277,-1.4581596,Warren lane SCC CW,7758,S35 2YA,tricking.coherent.shrug,City wide,Current,37,31,34,35,34,30,34,30,28,29,36,37,32,30,25.31666667,28,29,21.67942908,20.76243618,24.01728709,18.98154545,17.60945455,,,,,,,,,,,
1241,2,439994,390866,53.413094,-1.3997777,7 Bawtry Gate SCC CW, ,S9 1UB, ,City wide,Current,0,49,55,57,50,44,48,46,45,44,49,47,47,40,38.71,35,39,30.5561571,31.27587988,35.02840664,29.67766667,30.023,,,,,,,,,,,
1242,3,440045,390884,53.413252,-1.3990082,47 Bawtry Road SCC CW,17332,S9 1UA, ,City wide,Current,0,54,60,62,59,52,55,51,51,47,58,56,55,47,43.855,41,44,34.88046006,36.18092247,46.33646477,36.90616667,34.832,,,,,,,,,,,
1243,4,440177,390770,53.412217,-1.397037,109 Bawtry Road SCC CW,17332,S9 1UF, ,City wide,Current,0,46,51,53,47,43,48,42,43,43,48,49,47,41,38.38333333,33,35,28.15609004,28.08350441,33.82213728,27.23525,24.633,,,,,,,,,,,
1244,5,435749,386727,53.376196,-1.4641055,Suffolk Road SCC CW,8758 / 75195,S2 4BU, ,City wide,Current,0,0,0,0,0,0,0,0,0,0,0,0,0,0,0,0,0,33.84948502,34.86777493,44.54093231,34.365,34.93636364,,,,,,,,,,,
1245,6,438880,389931,53.404773,-1.4166512,Attercliffe Road SCC CW, ,S9 2FH, ,City wide,Current,46,51,57,59,53,48,51,47,42,42,51,51,51,47,42.385,39,40,33.96617175,33.50448016,43.52757174,35.17475,33.236,,,,,,,,,,,
1246,7,435729,386513,53.374274,-1.4644302,"Pure Gym, St Mary's Road SCC CW",75196,S2 4BA, ,City wide,Current,0,0,0,0,0,0,0,0,0,0,0,0,0,0,0,0,0,32.92342213,34.10347887,39.71326393,32.04108333,31.752,,,,,,,,,,,
1247,8,437164,387687,53.384727,-1.4427245,08/23 Parkway Layby 1  SCC CW,47855,S9 3LS, ,City wide,Archive,0,0,0,0,0,0,0,0,0,0,0,0,0,0,0,55,58,44.10333119,45.47068894,58.28600284,38.7732,0,,,,,,,,,,,
1248,9,437703,390079,53.406189,-1.4343365,Upwell Street SCC CW,7817,S4 8AN, ,City wide,Current,47,45,50,52,48,40,45,45,36,39,46,44,43,42,35.28,35,38,32.87514523,33.63804449,35.28315187,34.58045455,32.774,,,,,,,,,,,
1249,10,439355,388385,53.390843,-1.4096992,Greenland Road 1 (Bus stop) SCC CW,18721,S9 5HG, ,City wide,Current,0,0,0,0,0,0,0,0,0,0,0,0,0,0,0,0,31,24.5366992,26.27413387,33.13060824,29.91466667,25.837,,,,,,,,,,,
1250,11,432643,389427,53.400664,-1.510513,Loxley New Road SCC CW,77547,S6 4NG, ,City wide,Current,52,45,50,52,47,40,45,46,35,36,45,40,38,38,31.76833333,31,34,27.46990144,29.79272385,33.2407061,29.862,29.78181818,,,,,,,,,,,
1251,12,439312,388591,53.392697,-1.4103201,Greenland Road 2 (Robson) SCC CW, ,S9 5HE, ,City wide,Current,0,0,0,0,0,0,0,0,0,0,0,0,0,0,0,0,40,33.11968723,32.24369379,42.30818935,32.64675,30.807,,,,,,,,,,,
1252,13,439051,386743,53.376107,-1.4144724,Bowden Wood Close SCC CW,58427,S9 4EN, ,City wide,Current,42,48,53,56,42,36,43,36,37,32,40,40,38,34,32.585,31,34,26.76653904,24.06969217,31.1711313,23.6842,24.003,,,,,,,,,,,
1253,14,436141,387521,53.383306,-1.4581229,Parkway  Broad Street SCC CW, ,S2 5TG, ,City wide,Current,44,46,51,53,52,43,41,44,40,41,52,47,45,42,38.93272727,37,38,30.53755301,31.84333228,37.96422633,30.86027273,30.2652,,,,,,,,,,,
1254,16,435639,388155,53.389038,-1.4655982,Derek Dooley Lampost 94 SCC CW,81236,S3 8HQ, ,City wide,Current,0,0,0,0,0,0,0,0,0,0,0,0,0,0,0,0,44,35.34860038,38.11423192,46.21718432,37.288,34.706,,,,,,,,,,,
1255,17,436109,387458,53.382742,-1.4586111,Duke Street SCC CW, ,S2 5QA, ,City wide,Current,48,49,55,57,56,48,47,45,43,40,53,47,52,47,44.59,42,42,36.00628561,36.87275328,43.53290895,37.11563636,35.644,,,,,,,,,,,
1256,18,435744,387619,53.384214,-1.46408,Waingate SCC CW, ,S2 5TR, ,City wide,Current,61,49,54,56,55,51,62,59,53,52,70,60,54,49,45.97833333,40,47,42.26376728,44.3360016,54.85568659,47.02475,45.227,,,,,,,,,,,
1257,19,435687,387472,53.38293,-1.4645471,Fitzalan Square SCC CW, ,S1 2AZ, ,City wide,Current,0,0,0,0,0,0,0,0,0,0,0,0,0,0,0,0,58,50.01236223,56.98970398,74.77918945,64.67227273,59.91490909,,,,,,,,,,,
1258,21,435546,387052,53.379131,-1.4671203,"Arundel Gate, Gallery SCC CW", ,S1 2LH, ,City wide,Current,0,0,0,0,0,0,0,0,0,0,0,0,0,0,0,0,45,36.97140449,37.72054807,47.53113807,34.85336364,31.3656,,,,,,,,,,,
1259,22,433346,390814,53.413087,-1.4997941,Fielding Road SCC CW,47856,S6 1QA, ,City wide,Current,0,0,0,0,0,0,46,43,42,39,51,48,46,44,37.64833333,36,37,28.71888454,28.22255837,32.83747858,27.35554545,26.45236364,,,,,,,,,,,
1260,23,435608,387100,53.379558,-1.4661829,Arundel Gate/Surrey Street SCC CW, ,S1 1WB, ,City wide,Current,0,0,0,0,0,0,0,0,0,0,0,0,0,0,0,0,39,30.30950773,34.10044568,39.95832537,32.69941667,36.288,,,,,,,,,,,
1261,24,434435,387394,53.382278,-1.4837834,University Roundabout SCC CW, ,S3 7HJ, ,City wide,Current,45,51,56,58,52,48,53,47,50,49,65,61,64,50,43.03833333,39,40,29.68304077,31.77024494,41.53592684,35.67508333,36.743,,,,,,,,,,,
1262,25,434646,387836,53.386237,-1.4805631,Netherthorpe School SCC CW, ,S3 7JE, ,City wide,Current,42,34,38,40,39,36,46,42,37,35,47,44,42,38,36.42333333,34,35,26.81359153,24.70116263,32.87676572,24.35175,23.079,,,,,,,,,,,
1263,26,434403,386966,53.378433,-1.4843109,Upper Hanover Street SCC CW,47860,S3 7RQ, ,City wide,Current,46,44,48,50,45,39,45,47,38,41,48,45,43,44,39.2,38,40,31.59986958,33.19729444,41.30633901,25.4775,24.514,,,,,,,,,,,
1264,27,435554,386638,53.375409,-1.4670464,Shoreham Street SCC CW,48805 / 75194,S1 4QF, ,City wide,Current,57,47,52,54,52,46,50,49,43,43,58,53,55,52,48.02,46,47,36.70770851,38.95469895,44.02200143,33.733,29.7696,,,,,,,,,,,
1265,28,435313,386367,53.372989,-1.470699,St Mary's Road/Charlotte Road SCC CW,8744 / 75197,S1 4TJ, ,City wide,Current,0,0,0,0,0,0,0,0,0,0,0,0,0,0,0,0,34,28.11934116,31.43954819,32.65743501,28.64408333,26.509,,,,,,,,,,,
1266,29,434814,383335,53.34577,-1.4785314,Chesterfield Road/Woodseats SCC CW,16581,S8 0RY, ,City wide,Current,49,45,49,51,45,38,44,46,38,40,52,48,45,44,36.505,35,36,25.92090719,28.90309748,27.87176096,27.50516667,26.13163636,,,,,,,,,,,
1267,30,435499,385690,53.366892,-1.4679792,Queens Road/Edmund Road SCC CW,27857,S2 4EN, ,City wide,Current,48,42,47,49,41,35,44,41,36,37,49,41,41,41,39.984,39,41,31.03384945,34.60628913,35.47786077,31.75141667,29.96509091,,,,,,,,,,,
1268,31,434324,384311,53.354574,-1.4857857,Abbeydale Rd/Carter Knowle SCC CW,27381,S7 2BQ, ,City wide,Current,47,44,48,50,43,40,42,42,39,39,51,47,44,44,40.58833333,38,38,30.76528269,31.70467199,38.94644671,31.679,29.19,,,,,,,,,,,
1269,32,434299,386275,53.372229,-1.4859489,Ecclesall Road SCC CW,47396,S11 8HA, ,City wide,Current,54,49,54,57,41,37,50,50,43,43,54,47,47,43,40.26166667,38,40,28.80009293,30.26578204,31.19287404,23.48933333,22.89381818,,,,,,,,,,,
1270,33,435602,387292,53.381284,-1.4662515,Arundel Gate Interchange SCC CW, ,S1 2PP, ,City wide,Current,0,0,0,0,0,0,0,0,0,0,77,77,81,74,71.94833333,59,66,49.93067582,54.31098077,69.76960406,60.49425,54.208,,,,,,,,,,,
1271,34,435700,387256,53.381041,-1.4647295,Pond Street Interchange SCC CW, ,S1 2BG, ,City wide,Current,0,0,0,0,0,0,0,0,0,0,63,59,60,49,48.51,45,50,36.51215749,39.31301622,49.36598129,38.36108333,39.3708,,,,,,,,,,,
1272,35,439116,391193,53.416099,-1.4129455,Meadowhall Interchange SCC CW, ,S9 1BW, ,City wide,Current,0,0,0,0,0,0,0,0,0,0,46,49,45,42,39.445,38,37,31.83687152,32.50597195,35.65807296,33.79225,31.073,,,,,,,,,,,
1273,36,435950,387996,53.387588,-1.4609403,(GH4) ACE 1 Wicker SCC CW, ,S3 8JD, ,City wide,Current,36,32,36,37,33,29,32,31,30,28,38,33,32,32,29.155,28,29,23.61222073,23.48060196,26.59696899,21.46825,21.518,,,,,,,,,,,
1274,37,435951,387997,53.387597,-1.4609252,(GH4) ACE 2 Wicker SCC CW, ,S3 8JD, ,City wide,Archive,30,31,34,36,33,29,32,30,30,28,37,34,33,33,27.52166667,29,28,23.12345009,23.17314392,24.00807937,0,21.672,,,,,,,,,,,
1275,38,435463,386972,53.378417,-1.4683768,"Arundel Gate, Stoddart Building SCC CW", ,S1 2NJ, ,City wide,Current,0,0,0,0,0,0,0,0,0,0,0,0,0,0,0,0,48,38.87723191,41.66092108,50.83236474,39.23008333,35.581,,,,,,,,,,,
1276,39,437104,388329,53.390502,-1.4435513,"Attercliffe Road, Arooj SCC CW",27393,S4 7WZ, ,City wide,Current,0,0,0,0,0,0,0,0,0,0,0,0,0,0,0,0,45,33.63513333,33.67105666,37.95576592,30.79244444,29.52218182,,,,,,,,,,,
1277,40,440116,390800,53.412492,-1.3979508,98 Bawtry Road SCC CW,17332,S9 1UE, ,City wide,Current,0,51,57,59,51,48,55,47,45,44,56,51,52,49,42.54833333,41,43,33.41902689,35.06410632,39.8056795,30.20433333,30.33927273,,,,,,,,,,,
1278,42,437766,387454,53.38259,-1.433702,Parkway Layby 2 SCC CW,47855,S9 4WJ, ,City wide,Current,0,0,0,0,0,0,0,0,0,0,0,0,0,0,0,59,59,47.84016867,47.59245364,59.84303893,46.08572727,44.268,,,,,,,,,,,
1279,43,436646,387756,53.385383,-1.4505039,Bernard Rd SCC CW, ,S2 5DD, ,City wide,Current,0,0,0,0,0,0,0,0,0,0,0,0,0,0,0,0,0,39.27827455,41.321621,41.97773928,38.79618182,35.91,,,,,,,,,,,
1280,45,435789,388072,53.388282,-1.4633523,Derek Dooley Lamp post 93 SCC CW,81237,S3 8HQ, ,City wide,Current,0,0,0,0,0,0,0,0,0,0,0,0,0,0,0,0,31,28.28828121,29.57708095,35.65960498,27.75054545,26.768,,,,,,,,,,,
1281,49,435435,388020,53.387839,-1.4686805,STOPPED Bridgehouses Duplicate (Tube 1) SCC CW,81162,S3 8RW, ,City wide,Archive,0,0,0,0,0,0,0,0,0,0,0,0,0,0,0,0,36,32.38994387,31.53679512,41.94901462,33.78951012,0,,,,,,,,,,,
1282,53,431193,386795,53.377095,-1.5325793,Coldwell Lane/Sandygate Road LTP, ,S10 5UE, ,LTP funded,Current,0,26,27,26,25,25,26,22,22,24,24,23,23,20,18.59166667,18,19,14.57725115,13.943621,15.73659976,13.27265833,12.25231466,,,,,,,,,,,
1283,54,436276,389930,53.404913,-1.4558329,DEFRA Barnsley Road Co-located (Tube 1),17728,S5 7AA, ,LTP funded,Archive,0,0,0,0,0,0,0,0,0,0,0,0,0,0,0,0,0,31.44315942,30.60546977,30.34601375,0,0,,,,,,,,,,,
1284,55,433013,386750,53.37658,-1.5052273,Manchester Road/Sale Hill LTP,77544,S10 3BL, ,LTP funded,Current,0,48,46,47,47,45,44,42,42,43,46,46,43,40,34.65545455,34,34,27.72722719,29.29526765,34.61758793,25.1615,25.70999138,,,,,,,,,,,
1285,56,433327,386862,53.377567,-1.5004958,Whitham Road/Crookes LTP,8144,S10 3BA, ,LTP funded,Current,0,57,54,57,61,58,56,53,51,54,54,56,58,47,46.075,42,44,34.66489698,38.20624871,44.6237563,32.25649,30.33923804,,,,,,,,,,,
1286,57,433514,387033,53.379092,-1.4976669,Whitham Road/Moor Oaks LTP,8144,S10 2SN, ,LTP funded,Current,0,48,50,52,52,52,54,50,52,48,50,48,50,42,36.69833333,36,38,30.10940948,33.58372633,38.24567091,26.9548,26.25087478,,,,,,,,,,,
1287,59,434048,387229,53.38082,-1.4896189,Western Bank/Clarkson Street LTP, ,S10 2TH, ,LTP funded,Current,0,53,50,45,51,49,51,48,49,47,50,48,51,47,45.59,44,42,37.15860427,41.22532395,45.92952533,34.60595,34.25086904,,,,,,,,,,,
1288,60,434352,387348,53.38187,-1.4850361,Brook Hill/Favell Road LTP,8144,S3 7RD, ,LTP funded,Current,0,46,52,51,45,41,40,40,39,37,41,42,38,33,29.98916667,31,32,26.0633324,28.27376509,31.88770562,22.2543,23.72779953,,,,,,,,,,,
1289,61,436276,389927,53.404922,-1.4558178,DEFRA Barnsley Road (Socotec 2) SCC CW, ,S4 8LA, ,LTP funded,Current,0,0,0,0,0,0,0,0,0,0,0,0,0,0,0,0,0,32.09043204,34.14261863,28.76525904,32.09375,31.04945455,,,,,,,,,,,
1290,63,436277,389928,53.404931,-1.4558026,DEFRA Barnsley Road (Socotec 3) SCC CW, ,S4 8LA, ,LTP funded,Current,0,0,0,0,0,0,0,0,0,0,0,0,0,0,0,0,0,31.67997727,33.39158321,29.07171634,34.46554545,31.81309091,,,,,,,,,,,
1291,64,440233,390587,53.410568,-1.3962178,DEFRA Tinsley monitor (Tube 1) Socotec, ,S9 1WZ, ,LTP funded,Current,0,0,0,0,0,0,0,0,0,0,0,0,0,0,0,0,0,26.55666667,23.60256805,24.79842471,20.65455,17.976,,,,,,,,,,,
1292,65,440234,390588,53.410577,-1.3962027,DEFRA Tinsley monitor (Tube 2) Socotec, ,S9 1WZ, ,LTP funded,Current,0,0,0,0,0,0,0,0,0,0,0,0,0,0,0,0,0,24.59881843,23.25001629,26.98962644,23.58808333,18.61745455,,,,,,,,,,,
1293,66,440235,390589,53.410586,-1.3961875,DEFRA Tinsley monitor (Tube 3) Socotec, ,S9 1WZ, ,LTP funded,Current,0,0,0,0,0,0,0,0,0,0,0,0,0,0,0,0,0,26.24666667,23.24497338,26.62488506,20.67166667,16.83054545,,,,,,,,,,,
1294,67,433429,386728,53.376356,-1.4989768,Glossop Road/Westbourne Road LTP, ,S10 2QH, ,LTP funded,Current,0,38,37,39,37,36,37,39,36,38,40,38,44,41,36.29416667,35,34,27.77873031,31.58805785,36.12256353,25.3432,26.72496692,,,,,,,,,,,
1295,68,433936,386893,53.377807,-1.4913385,Glossop Road/Clarkehouse Road LTP, ,S10 2HQ, ,LTP funded,Current,0,41,39,41,40,39,37,35,35,36,36,36,36,33,28.3725,30,29,24.50340427,25.20459059,28.41017112,21.17595,21.91691807,,,,,,,,,,,
1296,69,434574,387155,53.380121,-1.4817199,West Street/Regent Street LTP, ,S10 2HS, ,LTP funded,Current,0,45,47,43,48,42,44,44,40,44,47,43,43,37,34.59666667,35,37,26.6601751,28.71278072,32.43117041,25.06999167,25.12001498,,,,,,,,,,,
1297,70,435255,387349,53.38182,-1.4714615,West Street/Leopold Street LTP, ,S1 2GZ, ,LTP funded,Current,0,52,48,49,55,46,47,45,49,47,48,47,47,41,42.03333333,40,42,23.7935433,23.80107798,27.69617717,19.27528182,19.16188454,,,,,,,,,,,
1298,71,435807,386350,53.372803,-1.4632763,Queens Road - G Casino LTP,37898,S2 4DR, ,LTP funded,Current,0,0,0,52,59,52,50,50,48,50,53,52,49,45,43.12,45,44,37.75497719,38.05732008,41.80655841,30.77260543,34.59234063,,,,,,,,,,,
1299,72,435697,385892,53.368694,-1.4649811,Queens Road - Asda LTP,27857,S2 4DR, ,LTP funded,Current,0,0,0,45,48,41,41,40,40,42,47,46,45,44,40.35818182,40,37,31.62727198,34.85914114,35.63882689,27.57902969,30.78884636,,,,,,,,,,,
1300,73,435490,385660,53.366623,-1.4681178,463 Queens Road LTP,27857,S2 4DR, ,LTP funded,Current,0,0,0,61,64,53,57,52,57,57,65,62,60,55,53.165,50,51,42.33281138,43.94088454,50.63846507,37.75133565,42.03145226,,,,,,,,,,,
1301,74,435182,385241,53.362877,-1.4727927,London Road -Sark Road LTP,16581,S2 4HL, ,LTP funded,Current,0,0,0,56,57,49,52,52,51,54,56,54,54,50,43.69166667,45,42,34.02126573,39.02086677,42.3670075,32.55214411,33.357,,,,,,,,,,,
1302,75,435161,384986,53.360587,-1.4731365,London Road -Ponsfords LTP,16581,S2 4HS, ,LTP funded,Current,0,0,0,59,62,53,57,52,51,51,57,56,55,49,46.06,46,48,37.75686885,43.24442231,47.6181971,37.56940508,39.59676304,,,,,,,,,,,
1303,76,434965,384613,53.357247,-1.4761226,Chesterfield Road - Meersbrook Park LTP, ,S8 0RN, ,LTP funded,Current,0,0,0,56,60,54,53,57,53,55,63,56,54,50,47.84181818,45,41,32.07101052,37.39331111,40.28006978,29.31739152,32.66127578,,,,,,,,,,,
1304,77,434679,383718,53.349221,-1.4805172,513 Chesterfield Road LTP,16581,S8 0RW, ,LTP funded,Current,0,0,0,34,39,38,35,35,35,34,38,37,36,32,32.83,32,31,23.85457615,25.81445579,27.30284799,21.06079454,21.89902681,,,,,,,,,,,
1305,78,434857,382968,53.342468,-1.4779258,Chesterfield Road - Olivet Road LTP,16581,S8 0SP, ,LTP funded,Current,0,0,0,51,53,46,45,48,47,47,53,50,50,43,42.54833333,40,41,29.97053193,37.00558081,41.54586035,31.47021781,32.92468427,,,,,,,,,,,
1306,79,434906,381857,53.332479,-1.4773119,Chesterfield road -Charles Ashmore LTP,46620,S8 7UN, ,LTP funded,Current,0,0,0,37,38,33,33,32,32,32,32,32,37,34,35.035,33,31,23.96184385,26.2045676,29.99978066,20.97888519,23.49839634,,,,,,,,,,,
1307,80,435135,381355,53.327952,-1.4739289,Meadowhead Road LTP, ,S8 7UP, ,LTP funded,Current,0,0,0,30,31,30,30,30,30,29,32,31,30,28,27.44,28,27,20.60618656,21.77215108,24.11899046,16.15159918,17.35910185,,,,,,,,,,,
1308,81,435238,385397,53.364276,-1.471934,Lowfield School GH3-1 Socotec,27857,S2 4NJ, ,LTP funded,Current,0,0,0,0,40,35,34,36,35,36,40,39,38,34,34.95333333,32,32,23.9621217,26.64099457,0,23.89390909,21.44290909,,,,,,,,,,,
1309,82,435239,385398,53.364285,-1.4719188,Lowfield School GH3-2 Socotec,27857,S2 4NJ, ,LTP funded,Current,0,0,0,0,39,33,34,36,36,35,38,37,39,34,32.42166667,30,31,25.02545455,25.42,30.16348761,23.63416667,21.23672727,,,,,,,,,,,
1310,83,435240,385399,53.364294,-1.4719037,Lowfield School GH3-3 Socotec,27857,S2 4NJ, ,LTP funded,Current,0,0,0,0,38,33,37,36,36,35,37,37,36,31,30.54333333,29,30,24.43363636,25.11,29.55090824,24.2925,22.428,,,,,,,,,,,
1311,84,440084,390760,53.412135,-1.3984372,Tinsley GH2-1 CoLo, ,S9 1UR, ,City wide,Current,0,0,0,0,46,41,41,36,44,40,41,39,40,34,35.19090909,32,33,24.8,25.3001361,29.52119514,21.65258333,19.033,,,,,,,,,,,
1312,85,440085,390761,53.412143,-1.3984221,Tinsley GH2-2 CoLo, ,S9 1UR, ,City wide,Current,0,0,0,0,46,40,42,36,44,41,41,39,38,34,34.12181818,32,33,24.335,24.92915836,30.26637811,21.48081818,20.307,,,,,,,,,,,
1313,86,440086,390762,53.412152,-1.3984069,Tinsley GH2-3 CoLo, ,S9 1UR, ,City wide,Current,0,0,0,0,46,41,42,37,43,41,40,40,39,34,33.23833333,31,33,24.5675,23.83717506,28.71361231,22.13975,18.739,,,,,,,,,,,
1314,87,434803,386947,53.378236,-1.4783004,Sheffield Devonshire Green AUN CoLo 4, ,S1 4GT, ,City wide,Current,0,0,0,0,0,0,0,0,0,0,0,28,27,26,23.84666667,25,27,18.445,18.13903092,21.55787598,15.75391667,15.21927273,,,,,,,,,,,
1315,88,434804,386948,53.378245,-1.4782852,Sheffield Devonshire Green AUN CoLo 5, ,S1 4GT, ,City wide,Current,0,0,0,0,0,0,0,0,0,0,0,29,29,25,23.19333333,23,27,17.4375,18.41045714,21.5116807,15.83291667,14.60072727,,,,,,,,,,,
1316,89,434805,386949,53.378254,-1.4782701,Sheffield Devonshire Green AUN CoLo 6, ,S1 4GT, ,City wide,Current,0,0,0,0,0,0,0,0,0,0,0,29,29,25,22.37666667,24,26,17.98,18.22783208,20.86256636,16.24108333,15.442,,,,,,,,,,,
1317,90,438582,389616,53.401964,-1.4211717,Attercliffe Common (Terry Street) LSTF,38549,S9 2BU, ,LSTF funded,Current,0,0,0,0,0,0,0,0,0,0,47,46,48,47,40.67,41,41,30.65257603,31.32988646,36.56874876,29.38081818,30.46145455,,,,,,,,,,,
1318,91,437928,388800,53.394677,-1.4311055,Attercliffe Road (Bodmin Street) LSTF,7380,S9 3RQ, ,LSTF funded,Current,0,0,0,0,0,0,0,0,0,0,64,63,53,50,44.01833333,42,48,37.67367815,44.40184981,56.31726314,44.92945455,43.72581818,,,,,,,,,,,
1319,92,437690,388529,53.392258,-1.4347166,Attercliffe Road (Staniforth Road) LSTF,27393,S9 3QP, ,LSTF funded,Current,0,0,0,0,0,0,0,0,0,0,58,56,50,44,39.11090909,41,48,37.729793,39.14212485,48.80008117,37.762,35.014,,,,,,,,,,,
1320,93,436350,388234,53.3897,-1.4548991,Attercliffe Road (Tesco) LSTF,56863,S4 7UD, ,LSTF funded,Current,0,0,0,0,0,0,0,0,0,0,47,48,48,41,38.30166667,37,42,33.58776167,35.38704973,41.95154762,32.54081818,30.35454545,,,,,,,,,,,
1321,94,437019,388826,53.394975,-1.4447712,Savile Street East (Gripple) LSTF,17718,S4 7UQ, ,LSTF funded,Current,0,0,0,0,0,0,0,0,0,0,39,40,36,34,28.91,31,34,26.38929411,26.4203687,31.60915551,24.13011111,22.45854545,,,,,,,,,,,
1322,95,437461,389311,53.399303,-1.4380674,Brightside Lane (Stevenson Road) LSTF, ,S9 2SN, ,LSTF funded,Current,0,0,0,0,0,0,0,0,0,0,51,52,48,44,38.22,41,43,34.83639739,35.78302097,40.49029897,32.58390909,33.18,,,,,,,,,,,
1323,96,438393,390232,53.407514,-1.4239395,Brightside Lane (Forgemaster) LSTF,47826,S9 2AJ, ,LSTF funded,Current,0,0,0,0,0,0,0,0,0,0,55,55,54,48,45.18888889,44,45,35.62215511,34.74261474,44.02574405,34.97066667,32.228,,,,,,,,,,,
1324,97,438610,390614,53.410932,-1.4206288,Brightside Lane (Jenkin Road) LSTF,17718,S9 1BS, ,LSTF funded,Current,0,0,0,0,0,0,0,0,0,0,67,64,65,57,49.65333333,49,56,44.01533362,45.6738775,58.62347966,48.75616667,43.15309091,,,,,,,,,,,
1325,98,439167,391698,53.420634,-1.4121157,Meadowhall Road (M1 34N) LSTF,47826,S9 1BT, ,LSTF funded,Current,0,0,0,0,0,0,0,0,0,0,63,64,59,54,47.285,53,54,40.01359229,42.08069553,52.65419147,39.52633333,34.87527273,,,,,,,,,,,
1326,99,439717,390826,53.412755,-1.4039498,Sheffield Road (M1 34S) LSTF,37441,S9 1US, ,LSTF funded,Current,0,0,0,0,0,0,0,0,0,0,61,60,57,52,47.84181818,47,50,30.83918258,34.67778606,44.968124,33.26697755,30.0636,,,,,,,,,,,
1327,102,433250,391115,53.415799,-1.5012067,Beeley Wood Road A61 Hills, ,S6 1LQ, ,Funded scheme,Current,0,0,0,0,0,0,0,0,0,0,0,0,42,41,37.89333333,35,38,29.4417425,31.50316979,32.81717386,25.89763636,25.39854545,,,,,,,,,,,
1328,103,433455,390473,53.410015,-1.4981904,Winster Road A61 Hills,16580 / 18546,S6 2DH, ,Funded scheme,Current,0,0,0,0,0,0,0,0,0,0,0,0,57,55,51.77666667,47,51,40.27806021,42.83504077,51.29962121,38.17016667,34.979,,,,,,,,,,,
1329,109,440295,386935,53.377733,-1.39658,163 Handsworth Road/ Parkway R/A Comm, ,S13 9BG,track.garage.lease,Community,Current,0,0,0,0,0,0,0,0,0,0,43,39,41,37,39,0,0,35.34,33.82020881,39.45780347,31.69216667,30.00327273,,,,,,,,,,,
1330,110,439960,390954,53.413888,-1.4002781,12 Town Street Comm, ,S9 1UG,sank.forget.teams,Community,Current,0,53,43,51,53,47,45,43,49,44,45,44,46,38,40,35,37,30.6125,29.915,35.575,27.06827273,24.892,,,,,,,,,,,
1331,111,440036,390822,53.412695,-1.3991515,10 Siemens Close Comm, ,S9 1UN, ,Community,Current,0,46,43,48,47,43,40,40,44,38,40,37,37,32,34,31,35,26.04,24.645,29.44166667,23.33791667,22.008,,,,,,,,,,,
1332,112,439932,390714,53.411733,-1.4007296,Greasebro Road Comm, ,S9 1UQ,stir.sing.budget,Community,Current,0,40,42,41,44,39,35,37,37,34,39,34,35,31,29,29,31,25.83333333,24.85636364,28.33002058,20.70458333,20.2608,,,,,,,,,,,
1333,113,440014,391178,53.415897,-1.3994374,342 Sheffield Rd Comm,57330,S9 1RQ, ,Community,Current,0,0,0,31,33,35,35,35,38,36,40,36,36,32,30,30,33,24.955,23.4825,29.08333333,21.15045455,21.413,,,,,,,,,,,
1334,115,440046,390737,53.411931,-1.3990118,53 Newburn Drive Comm, ,S9 1UR, ,Community,Current,0,0,0,0,0,0,0,0,0,0,0,0,0,0,0,40,40,32.705,29.45,41.98333333,31.31691667,28.833,,,,,,,,,,,
1335,116,439994,390810,53.412591,-1.3997848,30 Siemens Close Comm, ,S9 1UN, ,Community,Current,0,0,0,0,0,0,0,0,0,0,0,0,0,0,0,36,44,30.225,27.435,36.44166667,24.39125,24.01,,,,,,,,,,,
1336,117,435909,388070,53.388256,-1.4615484,Wicker Comm, ,S3 8HT, ,Community,Current,0,0,0,43,41,42,38,38,42,42,45,45,43,43,46.305,40,39,31.155,30.845,40.14545455,32.1688,28.476,,,,,,,,,,,
1337,118,435736,387820,53.386021,-1.4641776,Ladys Bridge Comm, ,S3 8GF, ,Community,Current,0,0,0,82,77,44,42,40,45,47,52,47,47,37,34.92363636,36,35,27.5125,26.815,32.31,25.10045455,25.71163636,,,,,,,,,,,
1338,119,435239,387899,53.386764,-1.4716408,Gibraltar Street Comm, ,S3 8UB, ,Community,Current,0,0,0,37,41,34,34,32,35,35,37,38,30,30,27.244,27,32,22.8625,21.7775,25.2,20.05722222,18.564,,,,,,,,,,,
1339,120,434806,388216,53.389642,-1.4781159,Penistone Road Comm,17809,S6 3AE, ,Community,Current,0,0,0,46,55,49,51,45,54,52,56,54,52,46,46.22333333,42,46,36.115,36.921,46.4,35.72116667,36.036,,,,,,,,,,,
1340,121,435843,388814,53.394948,-1.4624565,73 Burngreave Road Comm,17728,S3 9DF, ,Community,Current,0,0,0,43,53,40,33,38,43,43,51,50,51,49,42.22166667,40,39,33.91429853,36.96631918,44.49399401,38.4177,37.023,,,,,,,,,,,
1341,122,439377,387792,53.385511,-1.4094421,Darnall Post Office Comm, ,S9 4QD, ,Community,Current,0,0,0,0,0,0,0,0,36,34,36,32,33,31,29,29,33,25.83333333,25.02988973,28.22591576,20.856,25.2084,,,,,,,,,,,
1342,124,438997,387923,53.386717,-1.4151388,584 Staniforth Rd Comm, ,S9 3FX, ,Community,Current,0,0,0,0,0,0,0,0,39,37,39,36,39,36,31.36,32,35,28.2875,27.98456204,31.29383986,26.12925,25.34,,,,,,,,,,,
1343,125,438121,388922,53.395759,-1.4281886,Don Valley Leeds Road Comm, ,S9 3TY, ,Community,Current,0,0,0,0,0,0,0,0,0,0,0,0,0,31,26,28,29,22.5525,22.57946098,24.67596907,19.86191667,17.395,,,,,,,,,,,
1344,126,440559,387357,53.381512,-1.3917278,Waverley Cottages Comm, ,S13 9AE, ,Community,Current,0,0,0,0,0,0,0,0,0,0,0,0,0,0,0,0,32,26.04,25.8075,28.43333333,23.0601,22.561,,,,,,,,,,,
1345,128,427261,398422,53.481818,-1.5906802,Stocksbridge Lidl Comm, ,S36 1DJ, ,Community,Current,0,0,0,0,0,0,27,31,32,33,35,31,33,32,31.458,31,31,25.575,25.95545455,27.91818182,21.5828,20.664,,,,,,,,,,,
1346,130,428818,397977,53.477736,-1.5672596,Deepcar Carr Road Comm, ,S36 2RD, ,Community,Current,0,0,0,0,0,0,35,35,38,38,40,37,34,34,31.68666667,30,32,24.5675,25.265,25.63333333,19.52018182,18.242,,,,,,,,,,,
1347,131,435338,382923,53.342032,-1.4707067,Derbyshire La Comm, ,S8 8SG, ,Community,Current,0,0,0,0,0,0,21,24,21,22,25,21,20,22,18,18,18,14.4925,14.725,15.89,11.43525,12.24109091,,,,,,,,,,,
1348,132,432766,382318,53.336759,-1.5093974,146 Abbeydale Road South Comm, ,S7 2QS,ranged.brave.gossip,Community,Current,0,0,0,0,0,0,0,0,0,0,0,43,45,39,39,34,36,21.72818182,21.39,20.42222222,31.284,23.18742512,,,,,,,,,,,
1349,133,432746,382292,53.36315,-1.477598,150 Abbeydale Road South Comm, ,S7 2QS, ,Community,Archive,0,0,0,0,0,0,0,0,0,0,0,23,24,23,23,20,21,16.12,22.8625,28.37777778,12.0475,0,,,,,,,,,,,
1350,134,435283,387222,53.380676,-1.4710547,Barkers Pool Taxi Rank Comm, ,S1 2HF, ,Community,Current,0,0,0,0,0,0,0,0,0,0,0,0,0,47,42,42,37,22.99636364,21.855,26.50833333,19.8685,20.37381818,,,,,,,,,,,
1351,135,432870,383387,53.346361,-1.507725,Pingle Rd/Whirlowdale Cres Comm, ,S7 2LN, ,Community,Archive,0,0,0,0,0,0,0,0,0,0,0,0,0,0,0,17,16,18.93818182,11.7025,9.84761671,9.875,0,,,,,,,,,,,
1352,136,430881,379724,53.313556,-1.5379562,Totley All Saints School Comm, ,S17 4FA, ,Community,Current,0,0,0,0,0,0,0,0,0,0,0,0,0,0,0,0,0,7.60026247,8.6025,9.17,7.24473993,6.50661717,,,,,,,,,,,
1353,138,432754,382273,53.363301,-1.4772505,Opposite 150 Abbeydale Road South Comm,27381,S8 0BF, ,Community,Current,0,0,0,0,0,0,0,0,0,0,0,0,0,0,0,0,0,27.82817317,34.4875,33.01847957,31.5605,25.24780282,,,,,,,,,,,
1354,139,434372,385218,53.362724,-1.4849663,35 Montgomery Road Comm, ,S7 1LQ, ,Community,Current,0,0,0,22,29,25,23,24,23,22,26,23,21,22,21,19,20,15.035,16.1975,16.59090909,13.6275,13.027,,,,,,,,,,,
1355,140,434200,384869,53.359598,-1.4875884,Zeds Nether Edge Road Comm, ,S7 1RU, ,Community,Current,0,0,0,20,26,23,23,24,21,22,23,22,19,23,18,18,19,13.795,15.5,15.50909091,12.31741667,11.116,,,,,,,,,,,
1356,141,433650,385574,53.36597,-1.4957774,Clifford School Psalter Lane Comm, ,S11 8XL, ,Community,Current,0,0,0,18,27,23,23,24,21,22,24,21,20,22,19,18,18,13.33,15.7325,14.17777778,13.13554545,12.894,,,,,,,,,,,
1357,142,433378,385701,53.367128,-1.4998514,Hunters Bar Juniors Comm, ,S11 8ZG, ,Community,Current,0,0,0,0,0,0,0,0,0,0,0,0,29,30,25,25,26,18.91,21.7,21.1,16.85991667,20.2944,,,,,,,,,,,
1358,143,433521,385439,53.364764,-1.4977302,136 Psalter Lane Comm, ,S11 8YR,calm.crops.beats,Community,Current,0,0,0,0,0,0,0,0,0,0,0,0,0,0,31,32,32,23.901,23.901,27.57149602,21.45927273,16.59,,,,,,,,,,,
1359,144,434128,385719,53.367242,-1.4885788,"Cemetery Rd, Sharrowhead R/about Comm", ,S11 8AU, ,Community,Current,0,0,0,0,0,0,0,0,0,0,0,0,0,0,31,28,31,22.227,22.52666667,24.45806258,19.21136364,16.884,,,,,,,,,,,
1360,145,433640,383391,53.346349,-1.496159,981 Abbeydale Road Comm,27381,S7 2QD, ,Community,Current,0,0,0,0,0,0,0,33,39,35,40,37,36,34,31.36,35,36,29.76,32.71796478,32.36666667,22.16608333,19.838,,,,,,,,,,,
1361,146,433601,383337,53.345866,-1.4967505,La Scala Comm, ,S7 2QL, ,Community,Current,0,0,0,0,0,0,0,43,50,48,52,45,47,43,41.07833333,36,37,29.14,31.89548581,35.43,29.00736364,28.56,,,,,,,,,,,
1362,147,434188,383548,53.347725,-1.487911,102 Archer Road Comm, ,S8 0JT, ,Community,Current,0,0,0,0,0,0,0,32,32,33,35,32,34,32,29.18222222,26,27,21.483,20.53202636,21.85555556,17.4827,17.227,,,,,,,,,,,
1363,148,434123,383874,53.350659,-1.4888523,Chippendale Comm,27381,S7 2BJ, ,Community,Current,0,0,0,0,0,0,0,45,47,44,48,44,45,41,37.41818182,35,37,29.0625,32.88439951,34.19090909,26.95336364,27.75818182,,,,,,,,,,,
1364,149,434143,383915,53.351027,-1.4885475,879 Abbeydale Road Comm,27381,S7 2DL, ,Community,Current,0,0,0,0,0,0,0,40,46,43,48,43,41,38,35.77,35,35,27.6675,31.21097089,31.57272727,26.26091667,26.2416,,,,,,,,,,,
1365,150,432964,385619,53.366417,-1.5060814,"Books on the Park, 749 Ecclesall Rd/Marmion Rd Comm", ,S11 8TG, ,Community,Current,0,0,0,0,0,0,0,0,0,38,44,39,36,34,29.4,29,29,22.94,23.48051694,25.15343939,20.76263636,20.188,,,,,,,,,,,
1366,151,432828,385402,53.364475,-1.5081475,"Unique Hair, 828 Ecclesall Rd/Greystones Rd Comm", ,S11 8TD, ,Community,Current,0,0,0,0,0,0,0,0,0,36,39,36,34,34,28.74666667,29,30,22.63,22.19660119,27.19534332,20.25272727,20.188,,,,,,,,,,,
1367,152,432822,384990,53.360772,-1.5082803,"Midgeleys Greengrocer, 946 Ecclesall Rd/Psalter La Comm", ,S11 8TR, ,Community,Current,0,0,0,0,0,0,0,0,0,31,0,29,29,28,30.968,29,28,20.12181818,22.47533143,22.71827237,18.88818182,18.578,,,,,,,,,,,
1368,153,432651,384491,53.356298,-1.510901,"Ecclesall Fisheries, 97 Ecclesall Rd South Comm", ,S11 9PH, ,Community,Current,0,0,0,0,0,0,0,0,0,53,61,57,53,51,44.345,43,42,30.845,32.77055121,39.30667731,32.61981818,28.378,,,,,,,,,,,
1369,154,432428,384276,53.354379,-1.5142733,Knowle La/Ecclesall Rd South Bus Terminus Comm, ,S11 9SL, ,Community,Current,0,0,0,0,0,0,0,0,0,45,52,41,42,35,31.605,34,35,27.0475,28.42492349,32.83385987,24.46127273,21.567,,,,,,,,,,,
1370,155,432241,384593,53.35724,-1.5170504,Ecclesall Junior School - Ringinglow Rd Comm, ,S11 7PQ, ,Community,Current,0,0,0,0,0,0,0,0,0,0,33,32,30,29,26.05166667,26,25,18.879,19.14387344,18.96228607,15.82154545,15.26,,,,,,,,,,,
1371,156,431908,384518,53.356586,-1.522061,High Storrs School Comm, ,S11 7LH, ,Community,Current,0,0,0,0,0,0,0,0,0,0,25,24,22,22,17.96666667,19,19,13.7175,13.50369679,14.77315152,11.56272727,11.66072727,,,,,,,,,,,
1372,157,431538,383992,53.35188,-1.5276721,Silverdale School Comm, ,S11 9RN, ,Community,Current,0,0,0,0,0,0,0,0,0,0,0,0,0,0,13.63833333,14,13,9.8425,9.81316579,9.19640596,8.12263636,7.52181818,,,,,,,,,,,
1373,158,432055,384648,53.357745,-1.5198393,Huntley Road Ecclesall Infants Comm, ,S11 7PB, ,Community,Current,0,0,0,0,0,0,0,0,0,0,0,0,0,0,13.80166667,14,14,10.1525,9.54416416,9.72980806,7.72045455,7.784,,,,,,,,,,,
1374,159,434821,385142,53.362011,-1.478228,265 Abbeydale Road Comm,27381,S7 1FJ, ,Community,Current,0,0,0,0,0,0,0,0,0,0,0,38,36,36,32.99333333,31,32,23.87,25.95545455,31.425,24.5216,22.932,,,,,,,,,,,
1375,160,434522,384654,53.357644,-1.4827738,Butterworth Cycles Comm,27381,S7 1TA, ,Community,Current,0,0,0,0,0,0,0,0,0,0,0,44,44,42,41.16,39,39,30.7675,33.39545455,40.725,33.0536,30.85854545,,,,,,,,,,,
1376,161,434797,383255,53.345052,-1.4787955,Woodseats School Bus stop Comm, ,S8 0SB, ,Community,Current,0,0,0,0,0,0,0,0,0,0,0,0,0,34,30,30,35,26.29363636,26.97,33.05,22.10701115,24.4272,,,,,,,,,,,
1377,162,434814,383252,53.345024,-1.4785405,Woodseats School traffic lights Comm,16581,S8 0SB, ,Community,Current,0,0,0,0,0,0,0,0,0,0,0,0,0,39,34,34,37,25.8075,27.73090909,32.74545455,25.2326,26.8128,,,,,,,,,,,
1378,163,435810,386918,53.377908,-1.463167,Midland Station Opposite WH Smith Comm, ,S1 2BP, ,Community,Current,0,0,0,0,0,0,0,0,0,0,0,0,0,0,55,54,64,46.19,49.31422011,59.33441872,48.13733333,43.00036364,,,,,,,,,,,
1379,164,435841,386872,53.377493,-1.4627062,Midland Station Platform 1A South Comm, ,S1 2BP, ,Community,Current,0,0,0,0,0,0,0,0,0,0,0,0,0,0,45,43,47,37.71666667,39.01456932,44.72256033,38.12827273,36.554,,,,,,,,,,,
1380,165,435849,387031,53.378921,-1.462568,Midland Station Platform 1B Comm, ,S1 2BP, ,Community,Current,0,0,0,0,0,0,0,0,0,0,0,0,0,0,53,48,53,45.73909091,43.60857283,53.36435828,44.14125,46.746,,,,,,,,,,,
1381,166,435867,386955,53.378237,-1.462306,Midland Station Footbridge Comm, ,S1 2BP, ,Community,Current,0,0,0,0,0,0,0,0,0,0,0,0,0,0,55,51,57,48.7475,48.35328521,59.86592335,48.02541667,49.546,,,,,,,,,,,
1382,167,435873,387004,53.378677,-1.4622103,Midland Station Platform 3A/2B North Comm, ,S1 2BP, ,Community,Current,0,0,0,0,0,0,0,0,0,0,0,0,0,0,77,65,68,52.452,54.76546494,65.39416152,55.60163636,56.364,,,,,,,,,,,
1383,168,435871,386905,53.377787,-1.4622516,Midland Station Platform 2A Comm, ,S1 2BP, ,Community,Current,0,0,0,0,0,0,0,0,0,0,0,0,0,0,55,52,59,55.1025,50.48595406,59.59983153,49.96091667,53.697,,,,,,,,,,,
1384,169,435880,386888,53.377634,-1.4621182,Midland Station Platform 5A Comm, ,S1 2BP, ,Community,Current,0,0,0,0,0,0,0,0,0,0,0,0,0,0,51,47,51,46.965,44.50879574,50.3873714,42.56783333,43.246,,,,,,,,,,,
1385,170,435883,386956,53.378245,-1.4620654,Midland Station Platform 5B Waiting room Comm, ,S1 2BP, ,Community,Current,0,0,0,0,0,0,0,0,0,0,0,0,0,0,47,52,58,38.17380548,48.61257139,58.39748036,51.34341667,50.547,,,,,,,,,,,
1386,172,435916,386973,53.378396,-1.4615675,Midland Station Platform 6B Comm, ,S2 2TN, ,Community,Current,0,0,0,0,0,0,0,0,0,0,0,0,0,0,59,50,57,48.9025,44.23385939,53.47632202,47.38683333,47.691,,,,,,,,,,,
1387,174,435919,386934,53.378045,-1.4615268,Midland Station Platform 8A Comm, ,S2 2TN, ,Community,Current,0,0,0,0,0,0,0,0,0,0,0,0,0,0,58,52,58,51.5375,47.40768475,56.04071502,46.40591667,47.068,,,,,,,,,,,
1388,175,435812,387005,53.37869,-1.4631271,Sheaf Street station side crossing Comm,60030,S1 2BP, ,Community,Current,0,0,0,0,0,0,0,0,0,0,0,0,0,0,0,63,67,45.65454545,55.49,65.6,49.88191667,49.7532,,,,,,,,,,,
1389,176,435818,386889,53.377647,-1.46305,Station Taxi Rank 1 Comm, ,S1 2BP, ,Community,Current,0,0,0,0,0,0,0,0,0,0,0,0,0,0,0,92,101,50.9175,62.5425,76.76,53.59491667,46.228,,,,,,,,,,,
1390,177,435841,386872,53.377495,-1.4631121,Station Taxi Rank 2, ,S1 2BP, ,Community,Archive,0,0,0,0,0,0,0,0,0,0,0,0,0,0,0,70,78,41.42727273,47.337,51.72668049,0,0,,,,,,,,,,,
1391,178,435797,389600,53.402016,-1.4630593,Orphanage Rd/Barnsley Rd Comm, ,S3 9AN, ,Community,Current,0,0,0,0,0,0,0,0,0,0,0,0,0,0,0,48,47,37.96090909,37.35706673,50.33225893,38.81533333,35.147,,,,,,,,,,,
1392,179,436069,388328,53.390564,-1.4591134,Spital Hill Comm,17728,S4 7LF, ,Community,Archive,0,0,0,0,0,0,0,0,0,0,0,0,0,0,0,57,63,48.27545455,48.7394784,60.96666667,,,,,,,,,,,,,
1393,180,436595,390242,53.407731,-1.4509833,Owler La/Firth Park Rd Comm,7817,S5 6WN, ,Community,Current,0,0,0,0,0,0,0,0,0,0,0,0,0,0,0,45,48,39.2925,37.36595735,49.69166667,35.46441667,34.67672727,,,,,,,,,,,
1394,181,435537,389218,53.3986,-1.4670125,Rutland Road BG Comm, ,S3 9AZ, ,Community,Current,0,0,0,0,0,0,0,0,0,0,0,0,0,0,0,0,0,37.51,38.29071966,46.81666667,34.79291667,37.121,,,,,,,,,,,
1395,182,435450,388650,53.3935,-1.4683845,"Astrea Academy, Andover Street Comm", ,S3 9BE, ,Community,Current,0,0,0,0,0,0,0,0,0,0,0,0,0,0,0,0,0,18.9875,18.12704555,17.76666667,13.3905,12.45066667,,,,,,,,,,,
1396,183,436499,390182,53.407199,-1.4524342,Herries Rd/Barnsley Rd Comm,57875,S5 7AB, ,Community,Current,0,0,0,0,0,0,0,0,0,0,0,0,0,0,0,0,0,47.51454545,49.99023373,64.15833333,47.57116667,50.3748,,,,,,,,,,,
1397,184,434741,384237,53.353882,-1.4795291,Meersbrook Bank School Comm, ,S8 9EH, ,Community,Current,0,0,0,0,0,0,0,0,0,0,0,0,0,0,0,24,20,13.795,15.04909091,16.86363636,12.86981818,14.37927273,,,,,,,,,,,
1398,185,434989,384691,53.357946,-1.4757534,Valley Rd/Chesterfield Rd Jc Comm,16581,S8 0RL, ,Community,Current,0,0,0,0,0,0,0,0,0,0,0,0,0,0,0,41,41,31.31,36.27,37.9,31.7343,33.047,,,,,,,,,,,
1399,186,435489,385101,53.361598,-1.4681954,Ann's Grove School Comm, ,S2 3AQ, ,Community,Current,0,0,0,0,0,0,0,0,0,0,0,0,0,0,0,35,37,27.435,28.99909091,30.10909091,28.33466667,28.13066667,,,,,,,,,,,
1400,187,433350,389387,53.400261,-1.4998843,9 Ripley Street Comm, ,S6 2NU, ,Community,Current,0,0,0,0,0,0,0,0,0,0,0,0,0,0,0,33,36,26.598,27.34877322,28.59689842,24.569,24.6372,,,,,,,,,,,
1401,188,433147,388796,53.394962,-1.5029991,South Rd/Walkley Rd Comm, ,S6 3TD, ,Community,Current,0,0,0,0,0,0,0,0,0,0,0,0,0,0,0,38,43,30.35181818,30.89691079,36.72782141,30.3755,28.73194707,,,,,,,,,,,
1402,189,432768,389097,53.397691,-1.5086672,Morley Street/Rivelin Bank Road Comm, ,S6 5FD, ,Community,Current,0,0,0,0,0,0,0,0,0,0,0,0,0,0,0,0,33,22.91181818,22.36418966,27.34736417,20.91345455,19.768,,,,,,,,,,,
1403,190,432271,388570,53.392984,-1.516195,Hollins Lane Comm,77547,S6 5GQ, ,Community,Current,0,0,0,0,0,0,0,0,0,0,0,0,0,0,0,0,29,22.134,22.00443827,25.04897765,21.488,19.0848,,,,,,,,,,,
1404,191,433238,388666,53.393787,-1.5016444,South Road/Highton Street Comm, ,S6 3TD, ,Community,Current,0,0,0,0,0,0,0,0,0,0,0,0,0,0,0,0,23,18.93818182,19.01815686,22.04507934,17.80791667,15.63927273,,,,,,,,,,,
1405,192,433266,385705,53.367171,-1.5015341,Hunter's Bar School potting area North Comm, ,S11 8ZG, ,Community,Current,0,0,0,0,0,0,0,0,0,0,0,0,0,0,0,0,25,15.18680986,16.43,19.09166667,13.8487,14.7084,,,,,,,,,,,
1406,193,433251,385695,53.367082,-1.5017606,Hunter's Bar School potting area West Comm, ,S11 8ZG, ,Community,Current,0,0,0,0,0,0,0,0,0,0,0,0,0,0,0,0,28,19.94333333,18.6775,23.7,16.8744,17.0688,,,,,,,,,,,
1407,194,433267,385684,53.366983,-1.5015213,Hunter's Bar School playground South Comm, ,S11 8ZG, ,Community,Current,0,0,0,0,0,0,0,0,0,0,0,0,0,0,0,0,22,15.91333333,15.81,18.39166667,13.64066667,14.8092,,,,,,,,,,,
1408,199,434173,387484,53.383104,-1.4877123,"Arts Tower Entrance, Bolsover Street Comm", ,S3 7NA, ,Community,Current,0,0,0,0,0,0,0,0,0,0,0,0,0,0,0,0,0,25.947,29.574,35.49611516,24.10356004,23.7468,,,,,,,,,,,
1409,200,433750,387724,53.385288,-1.4940458,Crookes Valley Road/Crookesmoor Road Comm, ,S10 1BD, ,Community,Archive,0,0,0,0,0,0,0,0,0,0,0,0,0,0,0,0,0,30.18272727,33.5575,35.58124331,0,27.258,,,,,,,,,,,
1410,201,433486,387994,53.387732,-1.4979862,Springvale Road/Commonside Comm, ,S10 1LH, ,Community,Current,0,0,0,0,0,0,0,0,0,0,0,0,0,0,0,0,0,19.02272727,20.77,23.94965763,18.48891239,16.97507241,,,,,,,,,,,
1411,202,433236,388668,53.393805,-1.5016742,Asda Walkley Comm, ,S6 3TD, ,Community,Current,0,0,0,0,0,0,0,0,0,0,0,0,0,0,0,0,0,22.40454545,24.459,27.92046262,21.29273062,19.0070472,,,,,,,,,,,
1412,203,432822,387795,53.385985,-1.50799,Ped. Crossing Toyne Street Jc Comm, ,S10 1TE, ,Community,Current,0,0,0,0,0,0,0,0,0,0,0,0,0,0,0,0,0,20.54454545,23.529,23.85775249,19.80760687,16.45636364,,,,,,,,,,,
1413,206,435334,389097,53.397526,-1.4700789,Rutland Road Comm, ,S3 9PT, ,Community,Current,0,0,0,0,0,0,0,0,0,0,0,0,0,0,0,0,0,38.80636364,37.61139329,44.61666667,35.22681818,35.238,,,,,,,,,,,
1414,208,434720,390560,53.410716,-1.4791519,Longley Avenue West Comm, ,S5 8UJ, ,Community,Current,0,0,0,0,0,0,0,0,0,0,0,0,0,0,0,0,0,13.795,13.71028979,14.15,11.4945,11.494,,,,,,,,,,,
1415,209,435304,389577,53.401842,-1.4704765,Shirecliffe Road Comm, ,S5 8XA, ,Community,Current,0,0,0,0,0,0,0,0,0,0,0,0,0,0,0,0,0,21.13636364,22.72564337,24.75833333,20.9903,19.6056,,,,,,,,,,,
1416,210,435018,387999,53.387678,-1.4749524,Ebeneezer St/A61 SCC CW,56608,S3 8UH, ,City wide,Current,0,0,0,0,0,0,0,0,0,0,0,0,0,0,0,0,0,0,23.84366242,29.04396728,22.71908333,20.426,,,,,,,,,,,
1417,211,435018,387999,53.387678,-1.4749524,Ebeneezer St/A61 SCC CW,56608,S3 8UH, ,City wide,Archive,0,0,0,0,0,0,0,0,0,0,0,0,0,0,0,0,0,0,26.43576817,24.98081105,0,0,,,,,,,,,,,
1418,212,436146,387608,53.384087,-1.4580378,Blast Lane/Parkway SCC CW,76045,S2 5TL, ,City wide,Current,0,0,0,0,0,0,0,0,0,0,0,0,0,0,0,0,0,0,36.03378903,36.49101507,31.9555,29.673,,,,,,,,,,,
1419,213,435578,386555,53.374661,-1.466695,Matilda St SCC CW,75199,S1 4QG, ,City wide,Current,0,0,0,0,0,0,0,0,0,0,0,0,0,0,0,0,0,0,26.91172721,35.96282475,25.50383333,26.81127273,,,,,,,,,,,
1420,214,435023,386344,53.372802,-1.4750601,Arley St/St Mary's Gate SCC CW,57861,S2 4LA, ,City wide,Current,0,0,0,0,0,0,0,0,0,0,0,0,0,0,0,0,0,0,36.15452895,39.06778388,31.37616667,32.34,,,,,,,,,,,
1421,215,435763,386944,53.378145,-1.4638706,Sheaf St station side lamp post Comm,60030,S1 2BP, ,Community,Current,0,0,0,0,0,0,0,0,0,0,0,0,0,0,0,0,0,0,53.01,61.31666667,44.6824,45.76133333,,,,,,,,,,,
1422,216,440913,386218,53.371247,-1.3865535,Handsworth Rd/Richmond Rd bus stop Comm, ,S13 9BQ, ,Community,Current,0,0,0,0,0,0,0,0,0,0,0,0,0,0,0,0,0,0,31.25786778,34.41945873,26.623,23.982,,,,,,,,,,,
1423,217,443572,381395,53.327686,-1.3472545,Halfway School Comm, ,S20 3GU, ,Community,Current,0,0,0,0,0,0,0,0,0,0,0,0,0,0,0,0,0,0,32.39970769,37.69166667,25.81325,27.321,,,,,,,,,,,
1424,218,435650,389350,53.399778,-1.4652983,Toll House Burngreave Comm, ,S3 9DL, ,Community,Current,0,0,0,0,0,0,0,0,0,0,0,0,0,0,0,0,0,0,30.46235425,37.51666667,27.30108333,28.882,,,,,,,,,,,
1425,219,435770,386979,53.378458,-1.4637673,Sheaf Street opposite station (low) Comm,60030,S1 2BS, ,Community,Current,0,0,0,0,0,0,0,0,0,0,0,0,0,0,0,0,0,0,0,48.5258642,38.1333,37.394,,,,,,,,,,,
1426,220,431740,385914,53.369143,-1.5244454,Hangingwater Road LTP, ,S11 7EQ, ,LTP funded,Current,0,0,0,0,0,0,0,0,0,0,0,0,0,0,0,0,0,0,0,21.17219397,16.48795833,16.57936616,,,,,,,,,,,
1427,221,435967,386210,53.371534,-1.4608874,Norfolk Park Road LTP, ,S2 2RL, ,LTP funded,Current,0,0,0,0,0,0,0,0,0,0,0,0,0,0,0,0,0,0,0,35.35777932,29.24069802,31.35146873,,,,,,,,,,,
1428,222,434676,386171,53.371278,-1.480283,Cemetery Road SCC CW, ,S11 8FA, ,City wide,Current,0,0,0,0,0,0,0,0,0,0,0,0,0,0,0,0,0,0,0,24.30004726,18.17658333,18.228,,,,,,,,,,,
1429,223,435233,385961,53.369637,-1.4718729,Bramall Lane SCC CW,47393,S2 4SE, ,City wide,Current,0,0,0,0,0,0,0,0,0,0,0,0,0,0,0,0,0,0,0,33.63362336,24.8613,22.561,,,,,,,,,,,
1430,224,436092,388590,53.392873,-1.4586952,Burngreave Rd/Brunswick Rd SCC CW,17728,S3 9DA, ,City wide,Current,0,0,0,0,0,0,0,0,0,0,0,0,0,0,0,0,0,0,0,52.68323114,39.65141667,37.07454545,,,,,,,,,,,
1431,225,433473,387456,53.382897,-1.4982385,Crookesmoor Rd/Northumberland Rd LTP, ,S10 1BG, ,LTP funded,Current,0,0,0,0,0,0,0,0,0,0,0,0,0,0,0,0,0,0,0,17.54483795,14.50900833,14.93843974,,,,,,,,,,,
1432,226,435755,386938,53.378145,-1.4638706,Sheaf Street Blade (high) Comm,60030,S1 2BP, ,Community,Archive,0,0,0,0,0,0,0,0,0,0,0,0,0,0,0,0,0,0,0,55.60191252,43.62954545,37.1910693,,,,,,,,,,,
1433,227,435770,386979,53.378458,-1.4637673,Sheaf St opposite station (high) Comm,60030,S1 2BS, ,Community,Archive,0,0,0,0,0,0,0,0,0,0,0,0,0,0,0,0,0,0,0,0,37.61716667,32.74601057,,,,,,,,,,,
1434,228,435881,387162,53.380161,-1.4620198,Sheaf Street lamp post 37 Comm,60030,S1 2BJ, ,Community,Current,0,0,0,0,0,0,0,0,0,0,0,0,0,0,0,0,0,0,0,0,48.2611,40.614,,,,,,,,,,,
1435,229,435898,387153,53.38002,-1.4618053,Sheaf Street lamp post 38 Comm,60030,S1 2BP, ,Community,Current,0,0,0,0,0,0,0,0,0,0,0,0,0,0,0,0,0,0,0,53.87335565,54.21585455,50.8284,,,,,,,,,,,
1436,230,435805,386906,53.378012,-1.4633006,Station background Comm, ,S1 2BP, ,Community,Current,0,0,0,0,0,0,0,0,0,0,0,0,0,0,0,0,0,0,0,0,31.98781818,30.92727273,,,,,,,,,,,
1437,231,436276,389927,53.404949,-1.4558174,DEFRA Barnsley Road (Socotec 1) SCC CW,57875,S4 8LA, , ,Current,0,0,0,0,0,0,0,0,0,0,0,0,0,0,0,0,0,0,0,37.29302526,31.11941667,29.652,,,,,,,,,,,
1438,232,435238,385397,53.364001,-1.4727939,Lowfield School GH3-1 (Gradko) LTP,27857,S2 4NJ, ,LTP funded,Current,0,0,0,0,0,0,0,0,0,0,0,0,0,0,0,0,0,0,0,31.50706279,23.47976034,24.26741122,,,,,,,,,,,
1439,233,435238,385397,53.364001,-1.4727939,Lowfield School GH3-2 (Gradko) LTP,27857,S2 4NJ, ,LTP funded,Current,0,0,0,0,0,0,0,0,0,0,0,0,0,0,0,0,0,0,0,32.25217338,23.53097648,24.11890434,,,,,,,,,,,
1440,234,435238,385397,53.364001,-1.4727939,Lowfield School GH3-3 (Gradko) LTP,27857,S2 4NJ, ,LTP funded,Current,0,0,0,0,0,0,0,0,0,0,0,0,0,0,0,0,0,0,0,31.75674921,23.50771314,23.50283773,,,,,,,,,,,
1441,236,436276,389927,53.404949,-1.4558174,DEFRA Barnsley Road monitor (Tube 1) Gradko,57875,S4 8LA, ,LTP funded,Current,0,0,0,0,0,0,0,0,0,0,0,0,0,0,0,0,0,0,0,36.94780988,29.62480431,31.05958211,,,,,,,,,,,
1442,237,436276,389927,53.404949,-1.4558174,DEFRA Barnsley Road monitor (Tube 2) Gradko,57875,S4 8LA, ,LTP funded,Current,0,0,0,0,0,0,0,0,0,0,0,0,0,0,0,0,0,0,0,38.72900595,29.7371452,30.99855849,,,,,,,,,,,
1443,238,436276,389927,53.404949,-1.4558174,DEFRA Barnsley Road monitor (Tube 3) Gradko,57875,S4 8LA, ,LTP funded,Current,0,0,0,0,0,0,0,0,0,0,0,0,0,0,0,0,0,0,0,38.51606905,30.74897984,30.71665406,,,,,,,,,,,
1444,239,440084,390760,53.412441,-1.3985382,GH2-1 Tinsley Gradko, ,S9 1UR, ,LTP funded,Current,0,0,0,0,0,0,0,0,0,0,0,0,0,0,0,0,0,0,0,32.88583703,20.24775352,22.13325027,,,,,,,,,,,
1445,240,440084,390760,53.412441,-1.3985382,GH2-2 Tinsley Gradko, ,S9 1UR, ,LTP funded,Current,0,0,0,0,0,0,0,0,0,0,0,0,0,0,0,0,0,0,0,32.81490214,20.65813461,22.36740775,,,,,,,,,,,
1446,241,440084,390760,53.412441,-1.3985382,GH2-3 Tinsley Gradko, ,S9 1UR, ,LTP funded,Current,0,0,0,0,0,0,0,0,0,0,0,0,0,0,0,0,0,0,0,31.58574113,22.09339488,21.07941155,,,,,,,,,,,
1447,242,434803,386947,53.377655,-1.4729711,AURN-1 Devonshire Green Gradko, ,S1 4GT, ,LTP funded,Current,0,0,0,0,0,0,0,0,0,0,0,0,0,0,0,0,0,0,0,20.09349158,14.12957576,15.49682808,,,,,,,,,,,
1448,243,434803,386947,53.377655,-1.4729711,AURN-2 Devonshire Green Gradko, ,S1 4GT, ,LTP funded,Current,0,0,0,0,0,0,0,0,0,0,0,0,0,0,0,0,0,0,0,19.89056917,14.98210783,15.2738531,,,,,,,,,,,
1449,244,434803,386947,53.377655,-1.4729711,AURN-3 Devonshire Green Gradko, ,S1 4GT, ,LTP funded,Current,0,0,0,0,0,0,0,0,0,0,0,0,0,0,0,0,0,0,0,20.27297321,14.6191035,15.66295038,,,,,,,,,,,
1450,245,433646,386577,53.374985,-1.4957311,Clarkehouse/Broomgrove Lane, ,S10 2LR, ,Community,Current,0,0,0,0,0,0,0,0,0,0,0,0,0,0,0,0,0,0,0,28.025,22.38333333,20.9076,,,,,,,,,,,
1451,246,433588,386528,53.374548,-1.496608,Clarkehouse/Ash Grove, ,S10 2PD, ,Community,Current,0,0,0,0,0,0,0,0,0,0,0,0,0,0,0,0,0,0,0,28.49166667,23.11109091,24.5112,,,,,,,,,,,
1452,247,433603,386625,53.375419,-1.4963723,Newbould Lane, ,S10 2PJ, ,Community,Current,0,0,0,0,0,0,0,0,0,0,0,0,0,0,0,0,0,0,0,28.20833333,21.59333333,19.698,,,,,,,,,,,
1453,248,437213,387656,53.384445,-1.4419915,Parkway Inbound (Subway),47855,S2 5AU, ,City wide,Current,0,0,0,0,0,0,0,0,0,0,0,0,0,0,0,0,0,0,0,0,0,20.671,,,,,,,,,,,
1454,249,435772,389421,53.400408,-1.4634555,Abbeyfield House, ,S4 7BL, ,Community,Current,0,0,0,0,0,0,0,0,0,0,0,0,0,0,0,0,0,0,0,0,0,13.02,,,,,,,,,,,
1455,250,435861,387066,53.379235,-1.4623837,Station staff car park 1 (railside), ,S1 2BP,format.makes.they, ,Current,0,0,0,0,0,0,0,0,0,0,0,0,0,0,0,0,0,0,0,0,0,47.42146256,,,,,,,,,,,
1456,251,435849,387067,53.379245,-1.4625639,Station staff car park 2 (roadside),60030,S1 2BP,wasp.fires.salads, ,Current,0,0,0,0,0,0,0,0,0,0,0,0,0,0,0,0,0,0,0,0,0,37.31466667,,,,,,,,,,,
1457,252,432629,382249,53.336147,-1.5114618,453 Abbey Lane, ,S7 2QZ,army.gallons.spout, ,Current,0,0,0,0,0,0,0,0,0,0,0,0,0,0,0,0,0,0,0,0,0,31.67421895,,,,,,,,,,,
1458,253,432775,382231,53.335977,-1.5092712,444 Abbey Lane, ,S8 0BZ,atomic.agrees.pill, ,Current,0,0,0,0,0,0,0,0,0,0,0,0,0,0,0,0,0,0,0,0,0,28.45283478,,,,,,,,,,,
1459,254,436066,388285,53.390178,-1.4591634,Spital Hill lamppost 25 outside Tesco Express,A6135,S4 7LD,worker.month.areas,Community,Current,0,0,0,0,0,0,0,0,0,0,0,0,0,0,0,0,0,0,0,0,24.14527273,27.65,,,,,,,,,,,
1460,0,430725,393264,0,0,"1 Glossop Row, Oughtibridge", ,S35 0GH, ,Community,Archive,0,0,0,0,0,0,0,0,0,0,0,20,18,17,0,0,0,0,0,0,0,0,,,,,,,,,,,
1461,0,439853,387379,0,0,"10 Houstead Rd, Darnall", ,S9 4BY, ,Community,Archive,0,0,0,0,0,0,23,25,22,22,24,21,21,0,0,0,0,0,0,0,0,0,,,,,,,,,,,
1462,0,436830,390522,0,0,101 Firth Park Road, ,S5 6WU, ,Community,Archive,0,35,0,28,0,0,0,0,0,0,0,0,0,0,0,0,0,0,0,0,0,0,,,,,,,,,,,
1463,0,435727,394402,0,0,102 Mill Road, ,S35 9XQ, ,Community,Archive,0,0,0,0,0,0,0,0,0,30,32,31,0,0,0,0,0,0,0,0,0,0,,,,,,,,,,,
1464,0,434597,386547,0,0,103 Exeter Drive, ,S3 7TY, ,Community,Archive,0,0,26,25,0,0,0,0,0,0,0,0,0,0,0,0,0,0,0,0,0,0,,,,,,,,,,,
1465,0,435805,388901,0,0,104 Burngreave Road, ,S3 9DE, ,Community,Archive,0,0,0,35,40,33,25,29,31,32,42,38,37,35,0,0,0,0,0,0,0,0,,,,,,,,,,,
1466,0,436644,386658,0,0,12 Ingram Court, ,S2 2UD, ,Community,Archive,0,0,0,0,0,26,0,26,26,0,0,0,0,0,0,0,0,0,0,0,0,0,,,,,,,,,,,
1467,0,435773,388948,0,0,120 Burngreave Road, ,S3 9DE, ,Community,Archive,0,0,0,34,40,29,25,29,30,31,41,38,37,35,0,0,0,0,0,0,0,0,,,,,,,,,,,
1468,0,434600,386515,0,0,126 Exeter Drive, ,VS00450, ,Community,Archive,0,0,36,36,30,28,23,26,25,26,27,25,0,0,0,0,0,0,0,0,0,0,,,,,,,,,,,
1469,0,435764,385614,0,0,127 Olive Grove Road, ,S2 3GD, ,Community,Archive,0,0,0,0,0,0,0,0,0,0,28,0,0,0,0,0,0,0,0,0,0,0,,,,,,,,,,,
1470,0,435837,394317,0,0,128 The Common, ,S35 9WN, ,Community,Archive,0,0,0,0,0,0,0,0,0,33,35,34,0,0,0,0,0,0,0,0,0,0,,,,,,,,,,,
1471,0,433876,384973,0,0,13 Osbourne Road, ,S11 9AY, ,Community,Archive,0,0,0,22,32,28,28,29,29,28,30,29,28,27,0,0,0,0,0,0,0,0,,,,,,,,,,,
1472,0,433331,388479,0,0,14 Fir Street, ,S6 3TH, ,Community,Archive,0,0,0,0,0,0,0,0,0,0,0,0,16,15,0,0,0,0,0,0,0,0,,,,,,,,,,,
1473,0,440415,390905,0,0,151 Ferrars Road, ,S9 1RZ, ,Community,Archive,0,0,0,32,32,33,30,24,0,0,0,0,0,0,0,0,0,0,0,0,0,0,,,,,,,,,,,
1474,0,440459,386731,0,0,181 Handsworth Road, ,S13 9BH, ,Community,Archive,0,42,39,35,42,38,38,36,34,36,40,35,38,36,0,0,0,0,0,0,0,0,,,,,,,,,,,
1475,0,440411,390874,0,0,186 Ferrars Road, ,S9 1SA, ,Community,Archive,0,37,38,33,37,31,28,30,29,30,32,27,28,26,0,0,0,0,0,0,0,0,,,,,,,,,,,
1476,0,437378,390198,0,0,20 Owler Lane 1,7817,S4 8AH, ,Community,Archive,0,40,42,38,43,36,0,0,0,0,0,0,0,0,0,0,0,0,0,0,0,0,,,,,,,,,,,
1477,0,438194,386634,0,0,"204 Harborough Avenue, Manor Park", ,S2 1QU, ,Community,Archive,0,0,0,0,0,0,24,0,0,0,0,0,0,0,0,0,0,0,0,0,0,0,,,,,,,,,,,
1478,0,437200,387116,0,0,21 Manor Oaks Close, ,S2 5EG, ,Community,Archive,0,0,0,0,0,0,20,0,0,0,0,0,0,0,0,0,0,0,0,0,0,0,,,,,,,,,,,
1479,0,433391,385607,0,0,25 / 27 Junction Road, ,S11 8XB, ,Community,Archive,0,0,0,23,31,27,24,27,25,22,26,22,0,0,0,0,0,0,0,0,0,0,,,,,,,,,,,
1480,0,437179,387385,0,0,25 Wybourn House Rd / 16 Blackwell Close (May 08), ,S2 5BE, ,Community,Archive,0,0,0,0,0,27,0,26,26,0,0,0,0,0,0,0,0,0,0,0,0,0,,,,,,,,,,,
1481,0,434045,382027,0,0,26 Bocking Lane, ,S8 7BH, ,Community,Archive,0,25,24,23,28,24,23,25,23,23,28,26,25,25,0,0,0,0,0,0,0,0,,,,,,,,,,,
1482,0,433299,388571,0,0,"299 South Road, Gerry's Bakery", ,S6 3TN, ,Community,Archive,0,0,0,0,0,0,0,0,0,0,0,0,29,26,0,0,0,0,0,0,0,0,,,,,,,,,,,
1483,0,437273,390223,0,0,313 Owler Lane 2, ,S4 8GE, ,Community,Archive,0,34,34,36,38,32,0,0,0,0,0,0,0,0,0,0,0,0,0,0,0,0,,,,,,,,,,,
1484,0,437227,386269,0,0,38 Dovecourt Road / 24 Southend Road (Jun 09), ,S2 1UA, ,Community,Archive,0,0,0,0,0,29,0,28,28,0,0,0,0,0,0,0,0,0,0,0,0,0,,,,,,,,,,,
1485,0,434213,392544,0,0,484 Deerlands Avenue, ,S5 9QF, ,Community,Archive,0,0,0,0,0,0,0,30,28,24,27,0,0,0,0,0,0,0,0,0,0,0,,,,,,,,,,,
1486,0,436169,387514,0,0,5 Bard Street, ,S2 5TG, ,Community,Archive,0,0,0,0,0,39,0,34,34,0,0,0,0,0,0,0,0,0,0,0,0,0,,,,,,,,,,,
1487,0,436459,390144,0,0,505 Barnsley Road, ,S5 7AB, ,Community,Archive,0,42,41,36,42,38,0,0,0,0,0,0,0,0,0,0,0,0,0,0,0,0,,,,,,,,,,,
1488,0,438171,384707,0,0,"60 Ridgeway Road, Manor Top", ,S12 2SX, ,Community,Archive,0,0,0,0,0,0,22,27,24,26,28,26,24,29,0,0,0,0,0,0,0,0,,,,,,,,,,,
1489,0,440060,387629,0,0,62 Rotherham Road, ,S9 4PA, ,Community,Archive,0,0,32,35,38,34,34,34,32,0,0,0,0,0,0,0,0,0,0,0,0,0,,,,,,,,,,,
1490,0,438091,385088,0,0,745 City Road, ,S2 1GT, ,Community,Archive,0,0,0,0,0,0,0,0,0,0,30,28,28,27,0,0,0,0,0,0,0,0,,,,,,,,,,,
1491,0,438231,384932,0,0,8 Elm Tree Court (Hurlfield Road), ,S12 2SB, ,Community,Archive,0,0,0,0,0,0,0,0,0,0,31,29,30,27,0,0,0,0,0,0,0,0,,,,,,,,,,,
1492,0,440059,390854,0,0,82 Bawtry Road,17332,S9 1UE, ,City wide,Archive,0,51,57,59,52,47,52,48,43,49,57,52,50,44,0,0,0,0,0,0,0,0,,,,,,,,,,,
1493,0,435838,388853,0,0,86 Burngreave Road, ,S3 9DE, ,Community,Archive,0,0,0,35,41,30,27,32,33,33,43,40,38,35,0,0,0,0,0,0,0,0,,,,,,,,,,,
1494,0,434610,386487,0,0,88 Exeter Drive, ,S3 7TX, ,Community,Archive,0,0,26,29,27,24,18,24,24,25,27,24,0,0,0,0,0,0,0,0,0,0,,,,,,,,,,,
1495,0,434375,382590,0,0,Abbey Lane House, ,S8 0BP, ,Community,Archive,0,0,0,0,0,0,0,0,23,0,0,0,0,0,0,0,0,0,0,0,0,0,,,,,,,,,,,
1496,0,434387,382552,0,0,Abbey Lane School, ,S8 0BN, ,Community,Archive,0,0,0,0,0,0,0,0,22,0,0,0,0,0,0,0,0,0,0,0,0,0,,,,,,,,,,,
1497,0,431802,380644,0,0,Abbeydale Road (Tesco Express), ,S17 3LP, ,Community,Archive,0,0,0,29,31,27,27,27,27,24,0,0,0,0,0,0,0,0,0,0,0,0,,,,,,,,,,,
1498,0,435729,389414,0,0,Abbeyfield Park House, ,S4 7AX, ,Community,Archive,0,25,25,24,25,23,0,0,0,0,0,0,0,0,0,0,0,0,0,0,0,0,,,,,,,,,,,
1499,0,435574,384224,0,0,"Argyle Close, Meersbrook", ,S8 9HL, ,Community,Archive,0,0,0,0,0,0,15,17,0,0,0,0,0,0,0,0,0,0,0,0,0,0,,,,,,,,,,,
1500,0,432670,387290,0,0,Arran Road, ,S10 1WQ, ,Community,Archive,0,0,0,0,0,0,16,16,15,16,18,16,13,13,0,0,0,0,0,0,0,0,,,,,,,,,,,
1501,0,431491,381287,0,0,Ashfurlong Road, ,S17 3NJ, ,Community,Archive,0,0,0,14,15,13,13,13,12,11,0,0,0,0,0,0,0,0,0,0,0,0,,,,,,,,,,,
1502,0,440110,386191,0,0,Athelstone School (Handsworth Nursery), ,S13 8HH, ,Community,Archive,0,0,29,23,27,23,21,19,0,0,0,0,0,0,0,0,0,0,0,0,0,0,,,,,,,,,,,
1503,0,435141,386885,0,0,AUN (Behind Debenhams), ,S1 4PA, ,City wide,Archive,41,34,38,39,34,31,34,33,30,0,0,0,0,0,0,0,0,0,0,0,0,0,,,,,,,,,,,
1504,0,435135,386891,0,0,AUN (Behind Debenhams), ,S1 4PA, ,City wide,Archive,40,33,37,38,34,31,34,33,29,0,0,0,0,0,0,0,0,0,0,0,0,0,,,,,,,,,,,
1505,0,435135,386891,0,0,AUN (Behind Debenhams), ,S1 4PA, ,City wide,Archive,44,31,34,36,34,31,32,31,31,0,0,0,0,0,0,0,0,0,0,0,0,0,,,,,,,,,,,
1506,0,435132,386887,0,0,AUN (Behind Debenhams) 4, ,S1 4PA, ,City wide,Archive,0,0,0,0,39,35,33,33,34,34,0,0,0,0,0,0,0,0,0,0,0,0,,,,,,,,,,,
1507,0,435139,386899,0,0,AUN (Behind Debenhams) 5, ,S1 4PA, ,City wide,Archive,0,0,0,0,36,36,36,35,33,34,0,0,0,0,0,0,0,0,0,0,0,0,,,,,,,,,,,
1508,0,435127,386878,0,0,AUN (Behind Debenhams) 6, ,S1 4PA, ,City wide,Archive,0,0,0,0,40,35,34,34,34,34,0,0,0,0,0,0,0,0,0,0,0,0,,,,,,,,,,,
1509,0,442129,385907,0,0,Ballifield School / 162 Retford Road, ,S13 9QZ, ,Community,Archive,0,0,30,32,39,34,32,32,0,0,0,0,0,0,0,0,0,0,0,0,0,0,,,,,,,,,,,
1510,0,433991,389394,0,0,Bamforth Street, ,S6 2HH, ,Funded scheme,Archive,0,0,0,0,0,0,0,0,0,0,0,0,41,38,0,0,0,0,0,0,0,0,,,,,,,,,,,
1511,0,435238,387181,0,0,Barker's Pool, ,S1 2HB, ,City wide,Archive,36,31,35,36,35,29,33,29,33,28,36,32,30,29,0,0,0,0,0,0,0,0,,,,,,,,,,,
1512,0,436223,389876,0,0,Barnsley Road, ,S4 7AH, ,Community,Archive,0,34,35,33,39,35,0,0,0,0,0,0,0,0,0,0,0,0,0,0,0,0,,,,,,,,,,,
1513,0,436221,392177,0,0,Barnsley Road,57875,S5 0QL, ,Better Buses Scheme,Archive,0,0,0,0,0,0,0,0,0,0,0,0,0,0,0,0,0,0,0,0,0,0,,,,,,,,,,,
1514,0,436289,391982,0,0,Barnsley Road,57875,S5 0NA, ,Better Buses Scheme,Archive,0,0,0,0,0,0,0,0,0,0,0,0,0,0,0,0,0,0,0,0,0,0,,,,,,,,,,,
1515,0,435875,389647,0,0,Barnsley Road,17728,S4 7AG, ,Better Buses Scheme,Archive,0,0,0,0,0,0,0,0,0,0,0,0,0,0,0,0,0,0,0,0,0,0,,,,,,,,,,,
1516,0,436275,389926,0,0,Barnsley Road (DEFRA site), ,S5 7AA, ,City wide,Archive,0,0,0,0,0,0,0,0,0,0,0,0,0,0,0,0,0,0,0,0,0,0,,,,,,,,,,,
1517,0,436486,390149,0,0,"Barnsley Road, Fir Vale",17728,S4 8BF, ,City wide,Archive,55,49,55,57,49,47,58,53,45,49,61,54,58,53,0,0,0,0,0,0,0,0,,,,,,,,,,,
1518,0,435792,389616,0,0,"Barnsley Road, Firshill School", ,S3 9AN, ,Community,Archive,0,29,28,30,31,25,0,0,0,0,0,0,0,0,0,0,0,0,0,0,0,0,,,,,,,,,,,
1519,0,434622,388387,0,0,Bedford Street / Penistone Road (SCT), ,S6 3AT, ,Community,Archive,0,0,0,0,0,0,33,36,33,32,37,35,31,30,0,0,0,0,0,0,0,0,,,,,,,,,,,
1520,0,433182,392033,0,0,Birley Carr Church, ,S6 1EY, ,Community,Archive,0,19,19,18,20,16,17,18,16,15,16,0,0,0,0,0,0,0,0,0,0,0,,,,,,,,,,,
1521,0,435750,381591,0,0,Bochum Parkway, ,S8 8JA, ,Funded scheme,Archive,0,0,0,0,0,0,0,0,0,0,0,32,31,27,0,0,0,0,0,0,0,0,,,,,,,,,,,
1522,0,434581,388358,0,0,Borough Mews, ,S6 3BT, ,Community,Archive,0,28,19,0,0,0,0,0,0,0,0,0,0,0,0,0,0,0,0,0,0,0,,,,,,,,,,,
1523,0,441506,389732,0,0,Brinsworth Comprehensive (Bungalow), ,S60 5EJ, ,Community,Archive,0,0,0,0,0,0,29,0,0,0,0,0,0,0,0,0,0,0,0,0,0,0,,,,,,,,,,,
1524,0,441506,389775,0,0,Brinsworth Comprehensive (Car Park), ,S60 5EJ, ,Community,Archive,0,0,0,0,0,0,27,0,0,0,0,0,0,0,0,0,0,0,0,0,0,0,,,,,,,,,,,
1525,0,441408,389793,0,0,Brinsworth Comprehensive (Staff Garden), ,S60 5EJ, ,Community,Archive,0,0,0,0,0,0,31,0,0,0,0,0,0,0,0,0,0,0,0,0,0,0,,,,,,,,,,,
1526,0,442565,388876,0,0,Brinsworth Road, ,S60 5SG, ,Community,Archive,0,40,35,38,0,37,36,0,0,0,0,0,0,0,0,0,0,0,0,0,0,0,,,,,,,,,,,
1527,0,436141,387531,0,0,Broad Street (duplicate), ,S2 5TG, ,City wide,Archive,52,45,49,51,52,42,48,42,40,42,50,47,47,42,0,0,0,0,0,0,0,0,,,,,,,,,,,
1528,0,441863,389459,0,0,"Broadway, Brinsworth", ,S60 5ES, ,Community,Archive,0,36,27,28,0,31,30,0,0,0,0,0,0,0,0,0,0,0,0,0,0,0,,,,,,,,,,,
1529,0,434955,388205,0,0,Brooklyn Works, ,S3 8SH, ,Community,Archive,0,31,27,0,0,0,0,0,0,0,0,0,0,0,0,0,0,0,0,0,0,0,,,,,,,,,,,
1530,0,434025,386436,0,0,Broomhall Road, ,S10 2DR, ,Community,Archive,0,0,21,27,26,26,25,22,21,21,22,21,0,0,0,0,0,0,0,0,0,0,,,,,,,,,,,
1531,0,434500,386896,0,0,Broomspring Close, ,S3 7XA, ,City wide,Archive,32,27,30,31,27,23,26,25,23,22,28,27,24,26,0,0,0,0,0,0,0,0,,,,,,,,,,,
1532,0,433516,390188,0,0,Broughton Road / Penistone Road, ,S6 2AS, ,Community,Archive,0,0,0,0,0,0,34,38,32,32,40,32,31,34,0,0,0,0,0,0,0,0,,,,,,,,,,,
1533,0,442612,384937,0,0,Brunswick School (Bottom Yard), ,S13 7RB, ,Community,Archive,0,0,0,0,0,0,22,23,22,27,0,0,0,0,0,0,0,0,0,0,0,0,,,,,,,,,,,
1534,0,442604,384993,0,0,Brunswick School (Top of Car Park), ,S13 7RB, ,Community,Archive,0,0,0,0,0,0,24,26,23,27,0,0,0,0,0,0,0,0,0,0,0,0,,,,,,,,,,,
1535,0,442635,384989,0,0,Brunswick School (Top Yard), ,S13 7RH, ,Community,Archive,0,0,0,0,0,0,23,25,20,26,0,0,0,0,0,0,0,0,0,0,0,0,,,,,,,,,,,
1536,0,436066,388648,0,0,Burngreave Road, ,S3 9DD, ,Community,Archive,0,34,34,30,41,32,0,0,0,0,0,0,0,0,0,0,0,0,0,0,0,0,,,,,,,,,,,
1537,0,435652,389124,0,0,Burngreave Road / Minna Road, ,S3 9DG, ,City wide,Archive,49,41,46,48,42,36,38,38,36,33,39,36,37,33,0,0,0,0,0,0,0,0,,,,,,,,,,,
1538,0,435875,388807,0,0,Burngreave Street junction, ,S3 9DE, ,Community,Archive,0,0,0,33,33,24,20,25,28,27,33,30,30,28,0,0,0,0,0,0,0,0,,,,,,,,,,,
1539,0,433081,390608,0,0,Catchbar Lane Traffic Light,81230,S6 1TA, ,Community,Archive,0,0,0,0,0,0,47,46,49,45,48,44,47,42,0,0,0,0,0,0,0,0,,,,,,,,,,,
1540,0,442730,388748,0,0,"Catcliffe Junior School Old, School Lane", ,S60 5SW, ,Community,Archive,0,37,26,24,0,25,26,0,0,0,0,0,0,0,0,0,0,0,0,0,0,0,,,,,,,,,,,
1541,0,434211,392213,0,0,Chaucer School, ,S5 8GB, ,Community,Archive,0,19,19,23,23,21,16,22,21,21,23,0,0,0,0,0,0,0,0,0,0,0,,,,,,,,,,,
1542,0,434987,384722,0,0,Chesterfield Road,16581,S8 0YH, ,Community,Archive,0,50,43,52,0,0,0,0,0,0,0,0,0,0,0,0,0,0,0,0,0,0,,,,,,,,,,,
1543,0,435182,380648,0,0,Chesterfield Road South, ,S8 8LW, ,Funded scheme,Archive,0,0,0,0,0,0,0,0,0,0,0,46,45,37,0,0,0,0,0,0,0,0,,,,,,,,,,,
1544,0,435436,388023,0,0,"Corporation Street,Bridgehouses (Lampost 41) Tube 2", ,S3 8ND, ,City wide,Archive,0,0,0,0,0,0,0,0,0,0,0,0,0,0,0,0,0,0,0,0,0,0,,,,,,,,,,,
1545,0,435437,388026,0,0,"Corporation Street,Bridgehouses Lampost 41 (Tube 3)", ,S3 8ND, ,City wide,Archive,0,0,0,0,0,0,0,0,0,0,0,0,0,0,0,0,0,0,0,0,0,0,,,,,,,,,,,
1546,0,436238,395730,0,0,Cowley Drive, ,S35 1SW, ,Community,Archive,0,0,0,0,0,0,0,0,0,0,17,17,16,0,0,0,0,0,0,0,0,0,,,,,,,,,,,
1547,0,429793,385594,0,0,Crimicar Road  / Hallamshire Road, ,S10 4EJ, ,LTP funded,Archive,0,20,19,19,21,18,18,18,17,23,0,0,0,0,0,0,0,0,0,0,0,0,,,,,,,,,,,
1548,0,430407,385397,0,0,Crimicar Road / Brookhouse Hill, ,S10 3RN, ,LTP funded,Archive,0,23,24,25,25,26,27,27,27,28,28,26,26,24,0,0,0,0,0,0,0,0,,,,,,,,,,,
1549,0,433277,387030,0,0,Crookes Road / Hoole Road, ,S10 5BA, ,Community,Archive,0,0,0,0,0,0,0,0,0,0,0,0,0,0,0,0,0,0,0,0,0,0,,,,,,,,,,,
1550,0,432847,387475,0,0,Crookes Wesleyan Chapel, ,S10 1UD, ,Community,Archive,0,0,0,0,0,0,21,15,19,18,0,0,0,0,0,0,0,0,0,0,0,0,,,,,,,,,,,
1551,0,432572,387402,0,0,Cross Lane, ,S10 1WG, ,Community,Archive,0,0,0,0,0,0,16,15,16,15,0,0,0,0,0,0,0,0,0,0,0,0,,,,,,,,,,,
1552,0,436632,384763,0,0,Daresbury Road, ,S2 3LN, ,Community,Archive,0,0,0,0,28,25,27,24,0,0,0,0,0,0,0,0,0,0,0,0,0,0,,,,,,,,,,,
1553,0,439324,388092,0,0,Darnall Medical Centre, ,S9 5DH, ,Community,Archive,0,34,34,27,33,31,29,27,0,0,0,0,0,0,0,0,0,0,0,0,0,0,,,,,,,,,,,
1554,0,428189,398209,0,0,Deepcar Post Office, ,S36 2RF, ,Community,Archive,0,0,0,0,0,0,28,31,32,33,34,33,32,30,0,0,0,0,0,0,0,0,,,,,,,,,,,
1555,0,440233,390587,0,0,DEFRA (Tinsley) 1, ,S9 1WZ, ,AQ monitoring station,Archive,0,0,0,0,0,0,0,0,0,0,0,0,0,0,0,0,0,0,0,0,0,0,,,,,,,,,,,
1556,0,440238,390590,0,0,DEFRA (Tinsley) Co-located, ,S9 1WZ, ,City wide,Archive,0,0,0,0,0,0,0,0,0,0,0,0,0,0,0,0,0,0,0,0,0,0,,,,,,,,,,,
1557,0,435784,388074,0,0,Derek Dooley Lampost 93 (Tube 1), ,S3 8HQ, ,City wide,Archive,0,0,0,0,0,0,0,0,0,0,0,0,0,0,0,0,0,0,0,0,0,0,,,,,,,,,,,
1558,0,435794,388066,0,0,Derek Dooley Lampost 93 (Tube 3), ,S3 8HQ, ,City wide,Archive,0,0,0,0,0,0,0,0,0,0,0,0,0,0,0,0,0,0,0,0,0,0,,,,,,,,,,,
1559,0,435639,388155,0,0,Derek Dooley sign post opp. 24 triplicate (Tube 2), ,S3 8HQ, ,City wide,Archive,0,0,0,0,0,0,0,0,0,0,0,0,0,0,0,0,0,0,0,0,0,0,,,,,,,,,,,
1560,0,435643,388153,0,0,Derek Dooley sign post opp. 24 triplicate (Tube 3), ,S3 8HQ, ,City wide,Archive,0,0,0,0,0,0,0,0,0,0,0,0,0,0,0,0,0,0,0,0,0,0,,,,,,,,,,,
1561,0,441948,389405,0,0,Derwent Crescent, ,S60 5EN, ,Community,Archive,0,0,47,52,0,53,55,0,0,0,0,0,0,0,0,0,0,0,0,0,0,0,,,,,,,,,,,
1562,0,436801,390268,0,0,"Earl Marshall Youth Centre, Rushby Street",7817,S4 8GB, ,Community,Archive,0,26,27,32,28,25,0,0,0,0,0,0,0,0,0,0,0,0,0,0,0,0,,,,,,,,,,,
1563,0,436463,385133,0,0,East Bank Road, ,S2 3WG, ,Community,Archive,0,0,0,0,30,26,25,27,0,0,0,0,0,0,0,0,0,0,0,0,0,0,,,,,,,,,,,
1564,0,438779,392001,0,0,"Ecclesfield Road, Low Wincobank", ,S9 1NJ, ,City wide,Archive,46,52,58,60,52,47,51,47,47,43,49,44,41,39,0,0,0,0,0,0,0,0,,,,,,,,,,,
1565,0,434885,386963,0,0,Eldon Street, ,S1 4NN, ,City wide,Archive,34,28,31,32,27,24,0,0,0,0,0,0,0,0,0,0,0,0,0,0,0,0,,,,,,,,,,,
1566,0,435903,387659,0,0,Exchange Street, ,S1 2BQ, ,City wide,Archive,45,41,45,47,48,41,42,36,38,33,42,40,41,37,0,0,0,0,0,0,0,0,,,,,,,,,,,
1567,0,435357,387243,0,0,Fargate, ,S1 2HD, ,City wide,Archive,0,0,0,0,0,0,0,0,0,0,0,0,0,0,0,0,0,0,0,0,0,0,,,,,,,,,,,
1568,0,440764,386356,0,0,"Fitzalan Road, Handsworth", ,S13 9BP, ,Community,Archive,0,29,30,25,28,26,24,24,0,0,0,0,0,0,0,0,0,0,0,0,0,0,,,,,,,,,,,
1569,0,435714,387476,0,0,Fitzalan Square, ,S1 2GD, ,City wide,Archive,60,56,62,64,62,54,59,60,51,55,67,60,61,50,0,0,0,0,0,0,0,0,,,,,,,,,,,
1570,0,435251,388265,0,0,"Foundry, Mowbray Street", ,S3 8EN, ,Community,Archive,0,0,0,0,0,0,0,0,0,0,0,0,0,0,0,0,0,0,0,0,0,0,,,,,,,,,,,
1571,0,433797,392477,0,0,Foxhill Medical Centre, ,S6 1AF, ,Community,Archive,0,19,22,23,23,20,21,22,22,20,13,0,0,0,0,0,0,0,0,0,0,0,,,,,,,,,,,
1572,0,432972,386682,0,0,Fulwood Road / Ashdell Road, ,S10 3BL, ,LTP funded,Archive,0,32,33,32,33,30,31,31,29,31,32,30,30,26,0,0,0,0,0,0,0,0,,,,,,,,,,,
1573,0,431691,386028,0,0,Fulwood Road / Gladstone Road, ,S10 3GG, ,LTP funded,Archive,0,32,30,32,29,28,31,30,31,28,31,29,30,26,0,0,0,0,0,0,0,0,,,,,,,,,,,
1574,0,431373,385749,0,0,Fulwood Road / Tom Lane, ,S10 3QD, ,LTP funded,Archive,0,27,28,24,26,24,24,25,22,24,25,23,23,20,0,0,0,0,0,0,0,0,,,,,,,,,,,
1575,0,433165,386776,0,0,Fulwood Road Post Office,77544,S10 3BD, ,Community,Archive,0,0,0,0,0,0,0,0,0,59,70,65,0,0,0,0,0,0,0,0,0,0,,,,,,,,,,,
1576,0,434769,388631,0,0,Gardener's Rest, ,S3 8AT, ,Community,Archive,0,27,30,0,0,0,0,0,0,0,0,0,0,0,0,0,0,0,0,0,0,0,,,,,,,,,,,
1577,0,434778,388631,0,0,"Gardeners Rest, Rutland Road", ,S3 8AT, ,Community,Archive,0,0,0,0,0,0,0,0,0,0,0,0,0,0,0,0,0,0,0,0,0,0,,,,,,,,,,,
1578,0,435994,396050,0,0,Glenwood Crescent, ,S35 1YX, ,Community,Archive,0,0,0,0,0,0,0,0,0,0,22,23,20,0,0,0,0,0,0,0,0,0,,,,,,,,,,,
1579,0,433312,386784,0,0,Glossop Road / Peel Street, ,S10 2QA, ,LTP funded,Archive,0,37,34,35,35,33,30,31,30,32,33,31,32,26,0,0,0,0,0,0,0,0,,,,,,,,,,,
1580,0,442832,389146,0,0,Grange Farm Close, ,S60 5RX, ,Community,Archive,0,42,39,39,0,42,42,0,0,0,0,0,0,0,0,0,0,0,0,0,0,0,,,,,,,,,,,
1581,0,436360,386477,0,0,Granville Road,81155,S2 2RN, ,City wide,Archive,0,0,0,0,0,0,0,0,0,0,42,35,35,35,0,0,0,0,0,0,0,0,,,,,,,,,,,
1582,0,436127,393984,0,0,Green Lane / The Common (Harrods), ,S35 9WY, ,Community,Archive,0,0,0,0,0,0,0,0,0,30,32,32,0,0,0,0,0,0,0,0,0,0,,,,,,,,,,,
1583,0,434171,381275,0,0,Greenhill Library, ,S8 7BP, ,Community,Archive,0,20,19,21,23,20,18,20,19,19,20,18,14,15,0,0,0,0,0,0,0,0,,,,,,,,,,,
1584,0,439210,388591,0,0,Greenland Court, ,S9 5GD, ,Community,Archive,0,25,30,21,26,24,21,21,0,0,0,0,0,0,0,0,0,0,0,0,0,0,,,,,,,,,,,
1585,0,438997,388020,0,0,Greenland Junior School, ,S9 4RP, ,Community,Archive,0,29,29,26,31,26,25,22,0,0,0,0,0,0,0,0,0,0,0,0,0,0,,,,,,,,,,,
1586,0,438995,388004,0,0,Greenland Junior School, ,S9 4RP, ,Community,Archive,0,30,30,26,29,27,25,23,0,0,0,0,0,0,0,0,0,0,0,0,0,0,,,,,,,,,,,
1587,0,441518,386329,0,0,Greenwood Crescent / 62 Retford Road, ,S13 9LE, ,Community,Archive,0,31,27,25,0,25,23,26,30,0,0,0,0,0,0,0,0,0,0,0,0,0,,,,,,,,,,,
1588,0,443528,383052,0,0,Gypsy Queen / Sainsburys, ,S20 7PP, ,Community,Archive,0,0,0,0,0,0,0,0,0,29,30,29,27,0,0,0,0,0,0,0,0,0,,,,,,,,,,,
1589,0,440539,386630,0,0,Handsworth Road (Nursery), ,S13 9BH, ,Community,Archive,0,33,32,28,34,30,28,27,0,0,0,0,0,0,0,0,0,0,0,0,0,0,,,,,,,,,,,
1590,0,434373,386893,0,0,Hanover Methodist Church, ,S10 2FG, ,Community,Archive,0,0,26,28,30,25,24,24,23,23,23,23,0,0,0,0,0,0,0,0,0,0,,,,,,,,,,,
1591,0,434980,389190,0,0,Heath viewpoint, ,S3 9QX, ,Community,Archive,0,0,0,0,0,0,0,0,0,0,0,0,0,0,0,0,0,0,0,0,0,0,,,,,,,,,,,
1592,0,435822,385504,0,0,Heeley Bank Road, ,S2 3GJ, ,Community,Archive,0,39,33,36,42,35,34,27,0,0,0,0,0,0,0,0,0,0,0,0,0,0,,,,,,,,,,,
1593,0,435806,384949,0,0,Heeley Green, ,S2 3DY, ,Community,Archive,0,33,29,0,0,0,0,0,0,0,0,0,0,0,0,0,0,0,0,0,0,0,,,,,,,,,,,
1594,0,435663,393760,0,0,"High Street, Ecclesfield", ,S35 9UA, ,Better Buses Scheme,Archive,0,0,0,0,0,0,0,0,0,0,0,0,0,0,0,0,0,0,0,0,0,0,,,,,,,,,,,
1595,0,435753,393641,0,0,"High Street, Ecclesfield", ,S35 9ZQ, ,Better Buses Scheme,Archive,0,0,0,0,0,0,0,0,0,0,0,0,0,0,0,0,0,0,0,0,0,0,,,,,,,,,,,
1596,0,442374,388915,0,0,"Highfield View, Catcliffe", ,S60 5SG, ,Community,Archive,0,32,27,28,0,29,29,0,0,0,0,0,0,0,0,0,0,0,0,0,0,0,,,,,,,,,,,
1597,0,441765,386876,0,0,Highfields / Highfield Lane, ,S13 9NA, ,Community,Archive,0,35,35,28,35,30,28,27,26,0,0,0,0,0,0,0,0,0,0,0,0,0,,,,,,,,,,,
1598,0,433213,389606,0,0,Hillbsborough Corner,77547,S6 4JQ, ,City wide,Archive,46,41,46,47,38,33,39,38,32,34,42,36,34,34,0,0,0,0,0,0,0,0,,,,,,,,,,,
1599,0,433857,389595,0,0,Hillsborough Barracks, ,S6 2GB, ,Funded scheme,Archive,0,0,0,0,0,0,0,0,0,0,0,0,32,33,0,0,0,0,0,0,0,0,,,,,,,,,,,
1600,0,437132,390985,0,0,Hinde House Lane, ,S4 8HD, ,Community,Archive,0,0,0,0,0,0,22,26,25,25,27,25,23,25,0,0,0,0,0,0,0,0,,,,,,,,,,,
1601,0,434264,392297,0,0,Housing Office, ,S5 8NH, ,Community,Archive,0,0,0,0,0,0,0,25,20,20,19,0,0,0,0,0,0,0,0,0,0,0,,,,,,,,,,,
1602,0,433216,386802,0,0,HSBC Fulwood Road,77544,S10 3BD, ,Community,Archive,0,0,0,0,0,0,0,0,0,0,0,0,0,0,0,0,0,0,0,0,0,0,,,,,,,,,,,
1603,0,436487,390853,0,0,Hucklow Road, ,S5 6TB, ,Better Buses Scheme,Archive,0,0,0,0,0,0,0,0,0,0,0,0,0,0,0,0,0,0,0,0,0,0,,,,,,,,,,,
1604,0,436545,390939,0,0,Hucklow Road, ,S5 6TB, ,Better Buses Scheme,Archive,0,0,0,0,0,0,0,0,0,0,0,0,0,0,0,0,0,0,0,0,0,0,,,,,,,,,,,
1605,0,440199,390610,0,0,Ingfield Avenue, ,S9 1WZ, ,Community,Archive,0,44,39,40,37,36,34,32,36,33,35,33,33,27,0,0,0,0,0,0,0,0,,,,,,,,,,,
1606,0,440242,390513,0,0,Junior School Building, ,S9 1TN, ,Community,Archive,0,0,0,0,0,0,40,40,44,41,43,41,37,30,0,0,0,0,0,0,0,0,,,,,,,,,,,
1607,0,440286,390541,0,0,Junior School Field, ,S9 1TN, ,Community,Archive,0,0,0,0,0,0,43,44,49,45,50,44,46,34,0,0,0,0,0,0,0,0,,,,,,,,,,,
1608,0,433535,392518,0,0,Keats Road, ,S6 1AY, ,Community,Archive,0,18,16,18,18,16,16,16,16,16,17,0,0,0,0,0,0,0,0,0,0,0,,,,,,,,,,,
1609,0,435199,388048,0,0,Kelham Island Tavern, ,S3 8RW, ,Community,Archive,0,25,31,0,0,0,0,0,0,0,0,0,0,0,0,0,0,0,0,0,0,0,,,,,,,,,,,
1610,0,434201,381348,0,0,Key Homecare / 180 Bocking Lane, ,S8 7BP, ,Community,Archive,0,24,21,22,24,21,20,21,21,20,22,20,19,19,0,0,0,0,0,0,0,0,,,,,,,,,,,
1611,0,431021,380901,0,0,King Ecgbert School (Back of School), ,S17 3SB, ,Community,Archive,0,0,0,13,14,12,12,12,12,12,0,0,0,0,0,0,0,0,0,0,0,0,,,,,,,,,,,
1612,0,431090,380897,0,0,King Ecgbert School (Car park), ,S17 3SB, ,Community,Archive,0,0,0,15,18,16,16,15,15,14,0,0,0,0,0,0,0,0,0,0,0,0,,,,,,,,,,,
1613,0,430963,380737,0,0,King Ecgbert School (Top of drive), ,S17 3SB, ,Community,Archive,0,0,0,16,17,16,15,15,15,14,0,0,0,0,0,0,0,0,0,0,0,0,,,,,,,,,,,
1614,0,435216,385325,0,0,London Road, ,S2 4HJ, ,Community,Archive,0,53,50,52,53,0,0,0,0,0,0,0,0,0,0,0,0,0,0,0,0,0,,,,,,,,,,,
1615,0,432650,389428,0,0,Loxley New Road (duplicate),77547,S6 4NG, ,City wide,Archive,47,44,49,51,48,41,43,44,35,35,44,39,37,36,0,0,0,0,0,0,0,0,,,,,,,,,,,
1616,0,439298,387855,0,0,Main Road (Well Being), ,S9 4QB, ,Community,Archive,0,0,0,0,0,0,0,0,41,36,40,39,39,35,0,0,0,0,0,0,0,0,,,,,,,,,,,
1617,0,442593,388592,0,0,"Main Street, Catcliffe", ,S60 5SR, ,Community,Archive,0,34,31,27,0,30,30,0,0,0,0,0,0,0,0,0,0,0,0,0,0,0,,,,,,,,,,,
1618,0,434940,389620,0,0,Main viewpoint, ,S5 8YB, ,Community,Archive,0,0,0,0,0,0,0,0,0,0,0,0,0,0,0,0,0,0,0,0,0,0,,,,,,,,,,,
1619,0,433103,386770,0,0,Manchester Road / Lawson Road, ,S10 5BW, ,Community,Archive,0,0,0,0,0,0,0,0,0,44,51,47,0,0,0,0,0,0,0,0,0,0,,,,,,,,,,,
1620,0,432069,387076,0,0,Manchester Road / Sandygate Road, ,S10 5NG, ,LTP funded,Archive,0,29,29,31,27,27,27,23,27,26,27,27,26,23,0,0,0,0,0,0,0,0,,,,,,,,,,,
1621,0,438095,384965,0,0,Manor Shops, ,S12 2SS, ,Community,Archive,0,0,0,0,0,0,0,0,0,0,36,35,31,32,0,0,0,0,0,0,0,0,,,,,,,,,,,
1622,0,438109,384849,0,0,Manor Top Medical Centre, ,S12 2SS, ,Community,Archive,0,0,0,0,0,0,0,0,0,0,32,29,27,26,0,0,0,0,0,0,0,0,,,,,,,,,,,
1623,0,442627,384991,0,0,Millenium Garden, ,S13 7RH, ,Community,Archive,0,0,0,0,0,0,24,25,22,26,0,0,0,0,0,0,0,0,0,0,0,0,,,,,,,,,,,
1624,0,442292,383890,0,0,Mosborough Parkway (outbound), ,S13 7BR, ,City wide,Archive,0,0,0,0,0,0,0,0,0,0,0,0,0,0,0,0,0,0,0,0,0,0,,,,,,,,,,,
1625,0,440654,385561,0,0,Mosborough Parkway (Ravenscroft Avenue), ,S13 8QD, ,City wide,Archive,0,0,0,0,0,0,0,0,0,0,0,0,0,0,0,0,0,0,0,0,0,0,,,,,,,,,,,
1626,0,442550,383448,0,0,Moss Grove, ,S12 4BT, ,Community,Archive,0,0,0,0,0,0,0,0,0,26,27,28,26,0,0,0,0,0,0,0,0,0,,,,,,,,,,,
1627,0,442554,383390,0,0,Moss Way / Birley Spa Lane, ,S12 4BT, ,Community,Archive,0,0,0,0,0,0,0,0,0,32,36,36,41,0,0,0,0,0,0,0,0,0,,,,,,,,,,,
1628,0,442477,383103,0,0,Moss Way / Donetsk Way, ,S20 7XX, ,Community,Archive,0,0,0,0,0,0,0,0,0,46,47,46,48,0,0,0,0,0,0,0,0,0,,,,,,,,,,,
1629,0,435735,385133,0,0,Myrtle Road, ,S2 3HH, ,Community,Archive,0,24,20,22,26,21,22,21,0,0,0,0,0,0,0,0,0,0,0,0,0,0,,,,,,,,,,,
1630,0,434213,388870,0,0,Neepsend Lane, ,S6 2FJ, ,Funded scheme,Archive,0,0,0,0,0,0,0,0,0,0,0,0,38,36,0,0,0,0,0,0,0,0,,,,,,,,,,,
1631,0,433568,386742,0,0,Newbould Lane / Glossop Road, ,S10 2PY, ,Community,Archive,0,0,0,0,0,0,0,0,0,37,40,36,0,0,0,0,0,0,0,0,0,0,,,,,,,,,,,
1632,0,433498,386792,0,0,Newbould Lane / Watson Road, ,S10 2PL, ,Community,Archive,0,0,0,0,0,0,0,0,0,0,0,0,0,0,0,0,0,0,0,0,0,0,,,,,,,,,,,
1633,0,435276,388099,0,0,"Noosa, Alma Street", ,S3 8SA, ,Community,Archive,0,0,0,0,0,0,0,0,0,0,0,0,0,0,0,0,0,0,0,0,0,0,,,,,,,,,,,
1634,0,440455,386734,0,0,Norfolk Arms, ,S13 9BH, ,Community,Archive,0,33,31,26,32,26,32,27,29,0,0,0,0,0,0,0,0,0,0,0,0,0,,,,,,,,,,,
1635,0,433104,386380,0,0,Oakholme Road, ,S10 3DF, ,Community,Archive,0,0,0,0,0,0,0,0,0,0,0,0,0,0,0,0,0,0,0,0,0,0,,,,,,,,,,,
1636,0,433630,389834,0,0,Owlerton Green, ,S6 2GF, ,Funded scheme,Archive,0,0,0,0,0,0,0,0,0,0,0,0,42,41,0,0,0,0,0,0,0,0,,,,,,,,,,,
1637,0,435569,389276,0,0,Pitsmoor Road, ,S3 9BD, ,Better Buses Scheme,Archive,0,0,0,0,0,0,0,0,0,0,0,0,0,0,0,0,0,0,0,0,0,0,,,,,,,,,,,
1638,0,435909,386912,0,0,Platform 6A Info stand, ,S2 2TN, ,Community,Archive,0,0,0,0,0,0,0,0,0,0,0,0,0,0,0,0,0,0,0,0,0,0,,,,,,,,,,,
1639,0,435921,386968,0,0,Platform 8 South, ,S2 2TN, ,Community,Archive,0,0,0,0,0,0,0,0,0,0,0,0,0,0,0,0,0,0,0,0,0,0,,,,,,,,,,,
1640,0,438824,386365,0,0,Prince of Wales Road,27822,S2 1FH, ,Community,Archive,0,27,27,23,28,25,24,24,0,0,0,0,0,0,0,0,0,0,0,0,0,0,,,,,,,,,,,
1641,0,441627,389927,0,0,"Pringle Road, Brinsworth", ,S60 5BE, ,Community,Archive,0,32,27,28,0,27,28,0,0,0,0,0,0,0,0,0,0,0,0,0,0,0,,,,,,,,,,,
1642,0,429644,386391,0,0,Redmires Road / Crimicar Lane, ,S10 4LD, ,LTP funded,Archive,0,20,20,21,21,19,19,19,19,25,0,0,0,0,0,0,0,0,0,0,0,0,,,,,,,,,,,
1643,0,433471,389757,0,0,Regent Court (Floor 7), ,S6 2BX, ,Community,Archive,0,0,0,0,0,0,20,20,20,19,23,20,18,20,0,0,0,0,0,0,0,0,,,,,,,,,,,
1644,0,433569,389765,0,0,Regent Court Driveway, ,S6 2BS, ,Community,Archive,0,0,0,0,0,0,22,24,25,24,26,24,23,22,0,0,0,0,0,0,0,0,,,,,,,,,,,
1645,0,441812,386468,0,0,Rosy's / Anglers Rest, ,S13 9LJ, ,Community,Archive,0,29,28,23,30,25,23,22,0,0,0,0,0,0,0,0,0,0,0,0,0,0,,,,,,,,,,,
1646,0,434039,386934,0,0,Ruth Square, ,S10 2FY, ,Community,Archive,0,0,21,21,24,20,27,24,20,20,21,20,0,0,0,0,0,0,0,0,0,0,,,,,,,,,,,
1647,0,435294,389019,0,0,Rutland Road, ,S3 9PP, ,Community,Archive,0,40,39,0,0,0,0,0,0,0,0,0,0,0,0,0,0,0,0,0,0,0,,,,,,,,,,,
1648,0,435494,389209,0,0,Rutland Road, ,S3 9PR, ,Better Buses Scheme,Archive,0,0,0,0,0,0,0,0,0,0,0,0,0,0,0,0,0,0,0,0,0,0,,,,,,,,,,,
1649,0,442620,384995,0,0,Science Garden, ,S13 7RH, ,Community,Archive,0,0,0,0,0,0,21,21,22,23,0,0,0,0,0,0,0,0,0,0,0,0,,,,,,,,,,,
1650,0,434919,387768,0,0,Scotland Street, ,S3 7DB, ,City wide,Archive,32,28,31,32,30,23,27,26,26,25,0,0,0,0,0,0,0,0,0,0,0,0,,,,,,,,,,,
1651,0,436136,389595,0,0,Scott Road, ,S4 7BG, ,Community,Archive,0,29,28,28,30,27,0,0,0,0,0,0,0,0,0,0,0,0,0,0,0,0,,,,,,,,,,,
1652,0,435872,389627,0,0,Scott Road, ,S4 7BB, ,Better Buses Scheme,Archive,0,0,0,0,0,0,0,0,0,0,0,0,0,0,0,0,0,0,0,0,0,0,,,,,,,,,,,
1653,0,442216,388398,0,0,Sheffield Lane, ,S60 5TA, ,Community,Archive,0,30,29,26,0,25,26,0,0,0,0,0,0,0,0,0,0,0,0,0,0,0,,,,,,,,,,,
1654,0,436353,391845,0,0,Sheffield Lane Top, ,S5 6LH, ,City wide,Archive,0,0,0,0,0,0,0,0,0,0,0,37,37,33,0,0,0,0,0,0,0,0,,,,,,,,,,,
1655,0,437164,387687,0,0,Sheffield Parkway (Tube 2), ,S9 3LS, ,City wide,Archive,0,0,0,0,0,0,0,0,0,0,0,0,0,0,0,0,0,0,0,0,0,0,,,,,,,,,,,
1656,0,440111,391199,0,0,Sheffield Road (Back), ,S9 1SX, ,Community,Archive,0,0,0,38,38,35,33,31,33,31,35,33,31,29,0,0,0,0,0,0,0,0,,,,,,,,,,,
1657,0,440213,387006,0,0,Shop Front Parkway R/A, ,S9 4AE, ,Community,Archive,0,43,43,38,44,39,40,41,39,39,0,0,0,0,0,0,0,0,0,0,0,0,,,,,,,,,,,
1658,0,434562,386942,0,0,Springfield School, ,S3 7XD, ,Community,Archive,0,0,22,25,25,24,25,25,22,23,23,23,0,0,0,0,0,0,0,0,0,0,,,,,,,,,,,
1659,0,441279,390219,0,0,St David's Drive, ,S60 5NR, ,Community,Archive,0,0,27,26,0,29,30,0,0,0,0,0,0,0,0,0,0,0,0,0,0,0,,,,,,,,,,,
1660,0,435498,386417,0,0,St Mary’s Road, ,S1 4SR, ,City wide,Archive,41,36,40,41,39,29,36,37,31,29,41,41,38,38,0,0,0,0,0,0,0,0,,,,,,,,,,,
1661,0,441045,386206,0,0,St Mary's Church, ,S13 9BZ, ,Community,Archive,0,38,36,32,40,32,32,34,29,0,0,0,0,0,0,0,0,0,0,0,0,0,,,,,,,,,,,
1662,0,434184,381067,0,0,St Peter's Church, ,S8 7FN, ,Community,Archive,0,19,18,17,21,18,17,18,17,18,19,18,17,18,0,0,0,0,0,0,0,0,,,,,,,,,,,
1663,0,434996,388196,0,0,"Stew & Oyster, Green Lane", ,S3 8SH, ,Community,Archive,0,0,0,0,0,0,0,0,0,0,0,0,0,0,0,0,0,0,0,0,0,0,,,,,,,,,,,
1664,0,440210,390934,0,0,Tinsley Meadows Primary Academy, ,S9 1SG, ,Community,Archive,0,0,0,0,0,0,0,0,0,0,0,0,0,0,0,0,0,0,0,0,0,0,,,,,,,,,,,
1665,0,434373,387180,0,0,Upper Hanover Street / Hounsfield Road, ,S10 2HW, ,LTP funded,Archive,0,34,34,37,35,33,33,31,33,32,36,34,35,29,0,0,0,0,0,0,0,0,,,,,,,,,,,
1666,0,433308,389319,0,0,Walkley Lane (Newsagent Front), ,S6 2PA, ,Community,Archive,0,0,0,0,0,0,24,24,26,23,26,25,30,40,0,0,0,0,0,0,0,0,,,,,,,,,,,
1667,0,433320,389323,0,0,Walkley Lane (Newsagent Rear), ,S6 2PA, ,Community,Archive,0,0,0,0,0,0,26,31,31,27,31,28,25,25,0,0,0,0,0,0,0,0,,,,,,,,,,,
1668,0,433980,390290,0,0,Wardsend, ,S6 2BL, ,Community,Archive,0,0,0,0,0,0,0,0,0,0,0,0,0,0,0,0,0,0,0,0,0,0,,,,,,,,,,,
1669,0,442647,383139,0,0,Waterthorpe Greenway (Home Décor), ,S20 7AB, ,Community,Archive,0,0,0,0,0,0,0,0,0,22,23,26,28,0,0,0,0,0,0,0,0,0,,,,,,,,,,,
1670,0,433752,387230,0,0,Western Bank / Northumberland Road,8144,S10 2SJ, ,LTP funded,Archive,0,42,45,46,44,44,42,39,39,41,41,40,42,33,0,0,0,0,0,0,0,0,,,,,,,,,,,
1671,0,434024,387250,0,0,Weston Park (Childrens Hospital),8144,S10 2TN, ,Community,Archive,0,0,0,0,0,0,0,0,0,33,39,37,0,0,0,0,0,0,0,0,0,0,,,,,,,,,,,
1672,0,434125,381302,0,0,Westwick Crescent, ,S8 7DG, ,Community,Archive,0,17,16,18,18,16,14,17,14,14,16,15,14,14,0,0,0,0,0,0,0,0,,,,,,,,,,,
1673,0,433325,386890,0,0,Whitham Road / Crookes Road, ,S10 2SS, ,Community,Archive,0,0,0,0,0,0,0,0,0,44,55,46,0,0,0,0,0,0,0,0,0,0,,,,,,,,,,,
1674,0,430009,385977,0,0,Winchester Avenue (Back a), ,S10 4EB, ,Community,Archive,0,0,0,0,0,0,19,14,13,13,14,12,11,0,0,0,0,0,0,0,0,0,,,,,,,,,,,
1675,0,430003,385969,0,0,Winchester Avenue (Front b), ,S10 4EB, ,Community,Archive,0,0,0,0,0,0,21,16,14,16,18,16,15,0,0,0,0,0,0,0,0,0,,,,,,,,,,,
1676,0,433647,392356,0,0,Wolfe Road, ,S6 1BU, ,Community,Archive,0,17,20,18,20,17,21,19,16,16,17,0,0,0,0,0,0,0,0,0,0,0,,,,,,,,,,,
1677,0,438880,389931,0,0,Attercliffe Road (duplicate), ,S9 2FH, ,City wide,Archive,56,49,55,57,50,46,50,47,43,42,0,0,0,0,0,0,0,0,0,0,0,0,,,,,,,,,,,
1678,0,437164,387687,0,0,Sheffield Parkway (Tube 3), ,S9 3LS, ,City wide,Archive,0,0,0,0,0,0,0,0,0,0,0,0,0,0,0,0,0,0,0,0,0,0,,,,,,,,,,,
1679,0,435488,385125,0,0,Anns Grove School, ,S2 3DJ, ,Community,Archive,0,25,23,0,0,0,0,0,0,0,0,0,0,0,0,0,0,0,0,0,0,0,,,,,,,,,,,
